category,pre,post,label,observed,overlap_um,OE,OE_lo,OE_hi,p_boot
Radial/V2 → V1,r,v1,Radial → V1,1201.0,70999.54332113412,4.664217317792334,3.8568989904698445,5.4940313648905885,0.0
Radial/V2 → V1,v2,v1,V2 → V1,1169.0,75166.56747534094,4.288260086145634,3.2066827334693233,5.523384556354068,0.0
Radial/V2 → Projection,r,p1,Radial → P1,63.0,4387.658342733428,3.9591237054223707,2.057945494078222,6.621044668946522,0.001
Radial/V2 → Projection,r,p2_cold,Radial → P2 Cold,0.0,1624.6544523373295,0.0,0.0,0.0,0.0
Radial/V2 → Projection,r,p2_noci,Radial → P2 Noci,2.0,12861.479454430078,0.042877592484433964,0.0,0.18491978692704475,0.0
Radial/V2 → Projection,r,p2_poly,Radial → P2 Poly,13.0,9091.057550219433,0.3942940924484966,0.0,1.417771554253613,0.18
Radial/V2 → Projection,v2,p1,V2 → P1,44.0,7612.739678229774,1.5936869718745712,0.5854575786123196,3.511637932079149,0.272
Radial/V2 → Projection,v2,p2_cold,V2 → P2 Cold,11.0,3896.409163990641,0.7784298013149157,0.06958679551587546,1.6902554650358608,0.545
Radial/V2 → Projection,v2,p2_noci,V2 → P2 Noci,39.0,21962.724829281768,0.48963190779247867,0.14279971158086735,1.105905261484564,0.081
Radial/V2 → Projection,v2,p2_poly,V2 → P2 Poly,89.0,18303.30094731011,1.3407626743928014,0.5203526143592426,2.484943753078566,0.466
V1 → Projection,v1,p1,V1 → P1,384.0,11689.552672074471,9.057840255375021,6.561760900644028,12.665813483068723,0.0
V1 → Projection,v1,p2_cold,V1 → P2 Cold,0.0,5726.8113530310075,0.0,0.0,0.0,0.0
V1 → Projection,v1,p2_noci,V1 → P2 Noci,3.0,25964.980763360967,0.03185844502369985,0.0,0.1002181807119482,0.0
V1 → Projection,v1,p2_poly,V1 → P2 Poly,14.0,23654.481364661602,0.16319465491747573,0.0,0.4168755702492531,0.0
