pre,post,n_pre,n_post,n_possible_pairs,n_pairs_with_synapses,n_pairs_with_overlap,total_synapses,fraction_pairs_with_synapses,fraction_pairs_with_overlap
noci_module,p1,10,6,60,2,36,4.0,0.03333333333333333,0.6
noci_module,p2_cold,10,9,90,5,30,6.0,0.05555555555555555,0.3333333333333333
noci_module,p2_noci,10,16,160,16,95,25.0,0.1,0.59375
noci_module,p2_poly,10,15,150,7,75,8.0,0.04666666666666667,0.5
noci_module,v1,10,41,410,12,241,25.0,0.02926829268292683,0.5878048780487805
noci_module,v2,10,36,360,55,218,120.0,0.1527777777777778,0.6055555555555555
noci_module,r,10,24,240,29,140,118.0,0.12083333333333333,0.5833333333333334
noci_module,noci_module,10,10,100,7,67,14.0,0.07,0.67
noci_module,np_module,10,27,270,3,145,3.0,0.011111111111111112,0.5370370370370371
noci_module,cltmr_module,10,24,240,5,125,11.0,0.020833333333333332,0.5208333333333334
noci_module,adltmr_module,10,15,150,0,48,0.0,0.0,0.32
np_module,p1,27,6,162,0,79,0.0,0.0,0.4876543209876543
np_module,p2_cold,27,9,243,1,85,1.0,0.00411522633744856,0.3497942386831276
np_module,p2_noci,27,16,432,64,236,106.0,0.14814814814814814,0.5462962962962963
np_module,p2_poly,27,15,405,47,192,83.0,0.11604938271604938,0.4740740740740741
np_module,v1,27,41,1107,35,753,70.0,0.031616982836495035,0.6802168021680217
np_module,v2,27,36,972,112,686,277.0,0.11522633744855967,0.7057613168724279
np_module,r,27,24,648,189,556,781.0,0.2916666666666667,0.8580246913580247
np_module,noci_module,27,10,270,37,238,79.0,0.13703703703703704,0.8814814814814815
np_module,np_module,27,27,729,79,612,213.0,0.1083676268861454,0.8395061728395061
np_module,cltmr_module,27,24,648,34,520,94.0,0.05246913580246913,0.8024691358024691
np_module,adltmr_module,27,15,405,1,256,1.0,0.0024691358024691358,0.6320987654320988
cltmr_module,p1,24,6,144,3,79,3.0,0.020833333333333332,0.5486111111111112
cltmr_module,p2_cold,24,9,216,0,44,0.0,0.0,0.2037037037037037
cltmr_module,p2_noci,24,16,384,32,227,61.0,0.08333333333333333,0.5911458333333334
cltmr_module,p2_poly,24,15,360,28,171,61.0,0.07777777777777778,0.475
cltmr_module,v1,24,41,984,203,756,447.0,0.20630081300813008,0.7682926829268293
cltmr_module,v2,24,36,864,272,717,645.0,0.3148148148148148,0.8298611111111112
cltmr_module,r,24,24,576,207,507,851.0,0.359375,0.8802083333333334
cltmr_module,noci_module,24,10,240,32,212,50.0,0.13333333333333333,0.8833333333333333
cltmr_module,np_module,24,27,648,25,522,45.0,0.038580246913580245,0.8055555555555556
cltmr_module,cltmr_module,24,24,576,83,526,146.0,0.1440972222222222,0.9131944444444444
cltmr_module,adltmr_module,24,15,360,2,291,2.0,0.005555555555555556,0.8083333333333333
adltmr_module,p1,15,6,90,0,12,0.0,0.0,0.13333333333333333
adltmr_module,p2_cold,15,9,135,1,8,1.0,0.007407407407407408,0.05925925925925926
adltmr_module,p2_noci,15,16,240,1,35,1.0,0.004166666666666667,0.14583333333333334
adltmr_module,p2_poly,15,15,225,2,29,3.0,0.008888888888888889,0.1288888888888889
adltmr_module,v1,15,41,615,54,367,116.0,0.08780487804878048,0.5967479674796748
adltmr_module,v2,15,36,540,104,383,340.0,0.1925925925925926,0.7092592592592593
adltmr_module,r,15,24,360,32,282,68.0,0.08888888888888889,0.7833333333333333
adltmr_module,noci_module,15,10,150,13,98,17.0,0.08666666666666667,0.6533333333333333
adltmr_module,np_module,15,27,405,46,304,79.0,0.11358024691358025,0.7506172839506173
adltmr_module,cltmr_module,15,24,360,178,306,1194.0,0.49444444444444446,0.85
adltmr_module,adltmr_module,15,15,225,9,182,14.0,0.04,0.8088888888888889
r,p1,24,6,144,46,96,63.0,0.3194444444444444,0.6666666666666666
r,p2_cold,24,9,216,0,62,0.0,0.0,0.28703703703703703
r,p2_noci,24,16,384,2,233,2.0,0.005208333333333333,0.6067708333333334
r,p2_poly,24,15,360,10,172,13.0,0.027777777777777776,0.4777777777777778
r,v1,24,41,984,478,793,1201.0,0.48577235772357724,0.8058943089430894
r,v2,24,36,864,52,710,57.0,0.06018518518518518,0.8217592592592593
r,r,24,24,576,31,489,35.0,0.05381944444444445,0.8489583333333334
r,noci_module,24,10,240,4,207,4.0,0.016666666666666666,0.8625
r,np_module,24,27,648,3,505,3.0,0.004629629629629629,0.779320987654321
r,cltmr_module,24,24,576,15,481,17.0,0.026041666666666668,0.8350694444444444
r,adltmr_module,24,15,360,1,277,1.0,0.002777777777777778,0.7694444444444445
v1,p1,41,6,246,139,191,384.0,0.5650406504065041,0.7764227642276422
v1,p2_cold,41,9,369,0,183,0.0,0.0,0.4959349593495935
v1,p2_noci,41,16,656,3,466,3.0,0.004573170731707317,0.7103658536585366
v1,p2_poly,41,15,615,12,377,14.0,0.01951219512195122,0.6130081300813008
v1,v1,41,41,1681,534,1249,1139.0,0.3176680547293278,0.7430101130279595
v1,v2,41,36,1476,80,1066,148.0,0.05420054200542006,0.7222222222222222
v1,r,41,24,984,41,644,51.0,0.041666666666666664,0.6544715447154471
v1,noci_module,41,10,410,2,334,2.0,0.004878048780487805,0.8146341463414634
v1,np_module,41,27,1107,2,552,2.0,0.0018066847335140017,0.4986449864498645
v1,cltmr_module,41,24,984,4,529,5.0,0.0040650406504065045,0.5376016260162602
v1,adltmr_module,41,15,615,1,263,1.0,0.0016260162601626016,0.4276422764227642
v2,p1,36,6,216,27,147,44.0,0.125,0.6805555555555556
v2,p2_cold,36,9,324,11,133,11.0,0.033950617283950615,0.4104938271604938
v2,p2_noci,36,16,576,22,353,39.0,0.03819444444444445,0.6128472222222222
v2,p2_poly,36,15,540,49,287,89.0,0.09074074074074075,0.5314814814814814
v2,v1,36,41,1476,416,955,1169.0,0.28184281842818426,0.6470189701897019
v2,v2,36,36,1296,120,872,237.0,0.09259259259259259,0.6728395061728395
v2,r,36,24,864,22,441,34.0,0.02546296296296296,0.5104166666666666
v2,noci_module,36,10,360,4,245,6.0,0.011111111111111112,0.6805555555555556
v2,np_module,36,27,972,9,391,11.0,0.009259259259259259,0.4022633744855967
v2,cltmr_module,36,24,864,2,411,2.0,0.0023148148148148147,0.4756944444444444
v2,adltmr_module,36,15,540,2,229,2.0,0.003703703703703704,0.42407407407407405
