pre,post,n_pre,n_post,n_possible_pairs,n_connected_pairs,n_overlap_pairs,total_synapses,avg_syn_per_connected_pair,avg_syn_per_overlap_pair,density_overlaponly_syn_per_um,connected_rate,
noci_module,p1,10,6,60,2,36,4,2,0.111111111,0.00259151,0.055555556,
noci_module,p2_cold,10,9,90,5,30,6,1.2,0.2,0.00306733,0.166666667,
noci_module,p2_noci,10,16,160,16,95,25,1.5625,0.263157895,0.00171147,0.168421053,
noci_module,p2_poly,10,15,150,7,75,8,1.142857143,0.106666667,0.000441261,0.093333333,
noci_module,v1,10,41,410,12,241,25,2.083333333,0.10373444,0.004611181,0.049792531,
noci_module,v2,10,36,360,55,218,120,2.181818182,0.550458716,0.00641318,0.252293578,
noci_module,r,10,24,240,29,140,118,4.068965517,0.842857143,0.002602463,0.207142857,
noci_module,noci_module,10,10,100,7,67,14,2,0.208955224,0.001113373,0.104477612,
noci_module,np_module,10,27,270,3,145,3,1,0.020689655,0.000299902,0.020689655,
noci_module,cltmr_module,10,24,240,5,125,11,2.2,0.088,0.001236158,0.04,
noci_module,adltmr_module,10,15,150,0,48,0,,0,0,0,
np_module,p1,27,6,162,0,79,0,,0,0,0,
np_module,p2_cold,27,9,243,1,85,1,1,0.011764706,0.000218758,0.011764706,
np_module,p2_noci,27,16,432,64,236,106,1.65625,0.449152542,0.010059831,0.271186441,
np_module,p2_poly,27,15,405,47,192,83,1.765957447,0.432291667,0.009163057,0.244791667,
np_module,v1,27,41,1107,35,753,70,2,0.092961487,0.000535938,0.046480744,
np_module,v2,27,36,972,112,686,277,2.473214286,0.403790087,0.004118842,0.163265306,
np_module,r,27,24,648,189,556,781,4.132275132,1.404676259,0.003894485,0.339928058,
np_module,noci_module,27,10,270,37,238,79,2.135135135,0.331932773,0.002480227,0.155462185,
np_module,np_module,27,27,729,79,612,213,2.696202532,0.348039216,0.00189114,0.129084967,
np_module,cltmr_module,27,24,648,34,520,94,2.764705882,0.180769231,0.001486314,0.065384615,
np_module,adltmr_module,27,15,405,1,256,1,1,0.00390625,1.69E-05,0.00390625,
cltmr_module,p1,24,6,144,3,79,3,1,0.037974684,0.002358659,0.037974684,
cltmr_module,p2_cold,24,9,216,0,44,0,,0,0,0,
cltmr_module,p2_noci,24,16,384,32,227,61,1.90625,0.268722467,0.003570344,0.140969163,
cltmr_module,p2_poly,24,15,360,28,171,61,2.178571429,0.356725146,0.005849906,0.16374269,
cltmr_module,v1,24,41,984,203,756,447,2.201970443,0.591269841,0.004078578,0.268518519,
cltmr_module,v2,24,36,864,272,717,645,2.371323529,0.89958159,0.007437312,0.379358438,
cltmr_module,r,24,24,576,207,507,851,4.111111111,1.678500986,0.005666039,0.408284024,
cltmr_module,noci_module,24,10,240,32,212,50,1.5625,0.235849057,0.002531892,0.150943396,
cltmr_module,np_module,24,27,648,25,522,45,1.8,0.086206897,0.000371656,0.04789272,
cltmr_module,cltmr_module,24,24,576,83,526,146,1.759036145,0.27756654,0.000914413,0.157794677,
cltmr_module,adltmr_module,24,15,360,2,291,2,1,0.006872852,3.36E-05,0.006872852,
adltmr_module,p1,15,6,90,0,12,0,,0,0,0,
adltmr_module,p2_cold,15,9,135,1,8,1,1,0.125,0.011853787,0.125,
adltmr_module,p2_noci,15,16,240,1,35,1,1,0.028571429,0.002065312,0.028571429,
adltmr_module,p2_poly,15,15,225,2,29,3,1.5,0.103448276,0.001297352,0.068965517,
adltmr_module,v1,15,41,615,54,367,116,2.148148148,0.316076294,0.001282243,0.147138965,
adltmr_module,v2,15,36,540,104,383,340,3.269230769,0.88772846,0.004102958,0.27154047,
adltmr_module,r,15,24,360,32,282,68,2.125,0.241134752,0.00069142,0.113475177,
adltmr_module,noci_module,15,10,150,13,98,17,1.307692308,0.173469388,0.001045601,0.132653061,
adltmr_module,np_module,15,27,405,46,304,79,1.717391304,0.259868421,0.000965788,0.151315789,
adltmr_module,cltmr_module,15,24,360,178,306,1194,6.707865169,3.901960784,0.004947445,0.581699346,
adltmr_module,adltmr_module,15,15,225,9,182,14,1.555555556,0.076923077,0.000105323,0.049450549,
r,p1,24,6,144,46,96,63,1.369565217,0.65625,0.022113981,0.479166667,
r,p2_cold,24,9,216,0,62,0,,0,0,0,
r,p2_noci,24,16,384,2,233,2,1,0.008583691,9.38E-05,0.008583691,
r,p2_poly,24,15,360,10,172,13,1.3,0.075581395,0.001684944,0.058139535,
r,v1,24,41,984,478,793,1201,2.512552301,1.514501892,0.017597306,0.602774275,
r,v2,24,36,864,52,710,57,1.096153846,0.08028169,0.001200297,0.073239437,
r,r,24,24,576,31,489,35,1.129032258,0.071574642,0.000553311,0.063394683,
r,noci_module,24,10,240,4,207,4,1,0.019323671,0.000134799,0.019323671,
r,np_module,24,27,648,3,505,3,1,0.005940594,2.52E-05,0.005940594,
r,cltmr_module,24,24,576,15,481,17,1.133333333,0.035343035,0.000164492,0.031185031,
r,adltmr_module,24,15,360,1,277,1,1,0.003610108,8.31E-05,0.003610108,
v1,p1,41,6,246,139,191,384,2.762589928,2.010471204,0.038061393,0.727748691,
v1,p2_cold,41,9,369,0,183,0,,0,0,0,
v1,p2_noci,41,16,656,3,466,3,1,0.006437768,9.82E-05,0.006437768,
v1,p2_poly,41,15,615,12,377,14,1.166666667,0.037135279,0.000607114,0.031830239,
v1,v1,41,41,1681,534,1249,1139,2.132958801,0.911929544,0.014890514,0.427542034,
v1,v2,41,36,1476,80,1066,148,1.85,0.138836773,0.002328431,0.075046904,
v1,r,41,24,984,41,644,51,1.243902439,0.079192547,0.001466619,0.063664596,
v1,noci_module,41,10,410,2,334,2,1,0.005988024,4.04E-05,0.005988024,
v1,np_module,41,27,1107,2,552,2,1,0.003623188,1.55E-05,0.003623188,
v1,cltmr_module,41,24,984,4,529,5,1.25,0.009451796,9.34E-05,0.007561437,
v1,adltmr_module,41,15,615,1,263,1,1,0.003802281,3.95E-05,0.003802281,
v2,p1,36,6,216,27,147,44,1.62962963,0.299319728,0.011090065,0.183673469,
v2,p2_cold,36,9,324,11,133,11,1,0.082706767,0.001960455,0.082706767,
v2,p2_noci,36,16,576,22,353,39,1.772727273,0.110481586,0.001951285,0.062322946,
v2,p2_poly,36,15,540,49,287,89,1.816326531,0.31010453,0.00535068,0.170731707,
v2,v1,36,41,1476,416,955,1169,2.810096154,1.22408377,0.016176729,0.435602094,
v2,v2,36,36,1296,120,872,237,1.975,0.271788991,0.003576553,0.137614679,
v2,r,36,24,864,22,441,34,1.545454545,0.077097506,0.001777536,0.049886621,
v2,noci_module,36,10,360,4,245,6,1.5,0.024489796,0.000416115,0.016326531,
v2,np_module,36,27,972,9,391,11,1.222222222,0.028132992,0.000398998,0.023017903,
v2,cltmr_module,36,24,864,2,411,2,1,0.00486618,8.38E-05,0.00486618,
v2,adltmr_module,36,15,540,2,229,2,1,0.008733624,0.000149713,0.008733624,