pre_tag,post_tag,T_obs,p_null_parametric,q_null_parametric
cltmr_module,noci_module,-16.47207808255515,0.1048951048951049,0.14485514485514486
cltmr_module,np_module,-83.2526840365613,0.000999000999000999,0.0022285406900791516
cltmr_module,cltmr_module,-180.78220255167633,0.000999000999000999,0.0022285406900791516
cltmr_module,adltmr_module,-3.604409320087022,0.07192807192807193,0.1069699531237993
np_module,np_module,61.58221913813118,0.000999000999000999,0.0022285406900791516
np_module,noci_module,12.890682090111643,0.17282717282717283,0.22275502275502276
np_module,cltmr_module,-136.4332534187788,0.000999000999000999,0.0022285406900791516
np_module,adltmr_module,-1.3362408473591452,0.34265734265734266,0.40559440559440557
adltmr_module,np_module,-7.203956090075816,0.5104895104895105,0.5483035483035483
adltmr_module,noci_module,-7.641614869065748,0.24075924075924077,0.3035659992181731
adltmr_module,cltmr_module,735.6533830453609,0.000999000999000999,0.0022285406900791516
adltmr_module,adltmr_module,5.376016164239509,0.013986013986013986,0.024581479126933672
noci_module,noci_module,3.104508499112616,0.46353646353646355,0.5170214400983631
noci_module,np_module,-11.785418655218653,0.008991008991008992,0.0162962037962038
noci_module,cltmr_module,-8.285686126874564,0.11388611388611389,0.15361382803243268
noci_module,adltmr_module,-0.194553977891363,0.5304695304695305,0.5494148708434423
cltmr_module,v2,31.956407058855678,0.4145854145854146,0.47148929501870684
cltmr_module,r,335.9585516037177,0.000999000999000999,0.0022285406900791516
np_module,v2,-102.04789942166443,0.000999000999000999,0.0022285406900791516
np_module,r,259.18293354780576,0.000999000999000999,0.0022285406900791516
adltmr_module,v2,-43.04314574596892,0.2907092907092907,0.35874763534337994
adltmr_module,r,-271.98899833248066,0.000999000999000999,0.0022285406900791516
noci_module,v2,30.055036243774236,0.01998001998001998,0.033109747395461686
noci_module,r,55.17114628304909,0.002997002997002997,0.005794205794205794
cltmr_module,v1,49.19772166219782,0.08891108891108891,0.1257766623620282
np_module,v1,-208.45002661291323,0.000999000999000999,0.0022285406900791516
adltmr_module,v1,-84.73959781098942,0.000999000999000999,0.0022285406900791516
noci_module,v1,-40.634705730847855,0.001998001998001998,0.00413871842443271
cltmr_module,p2_noci,39.743304141522856,0.000999000999000999,0.0022285406900791516
cltmr_module,p2_poly,39.063323713225294,0.000999000999000999,0.0022285406900791516
cltmr_module,p1,-28.17125584752123,0.000999000999000999,0.0022285406900791516
np_module,p2_noci,83.17530891817624,0.000999000999000999,0.0022285406900791516
np_module,p2_poly,60.60360961095473,0.000999000999000999,0.0022285406900791516
np_module,p2_cold,-0.23953401771229518,0.8111888111888111,0.8111888111888111
np_module,p1,-34.41451025953538,0.001998001998001998,0.00413871842443271
adltmr_module,p2_noci,-0.14377748185252717,0.8071928071928072,0.8111888111888111
adltmr_module,p2_poly,1.0116879344618512,0.5204795204795205,0.5488693125056762
cltmr_module,p2_cold,-0.5919351740453921,0.35364635364635366,0.41022977022977025
adltmr_module,p2_cold,0.9264167007723625,0.03396603396603397,0.05324405324405325
adltmr_module,p1,-3.172222330709933,0.15084915084915085,0.19884660793751702
noci_module,p2_noci,12.764164722664308,0.002997002997002997,0.005794205794205794
noci_module,p2_cold,5.311694966159638,0.000999000999000999,0.0022285406900791516
noci_module,p2_poly,-2.5666310689193614,0.4835164835164835,0.5291312461123782
noci_module,p1,-9.97171036105314,0.053946053946053944,0.08233871391766127
v2,v1,254.01199580266777,0.000999000999000999,0.0022285406900791516
r,v1,261.88754608925825,0.000999000999000999,0.0022285406900791516
v2,p2_noci,-54.64791576811489,0.000999000999000999,0.0022285406900791516
v2,p2_cold,2.288568451412991,0.3196803196803197,0.3862803862803863
v2,p2_poly,-35.086823338313344,0.025974025974025976,0.04184704184704185
v2,p1,-172.65553843451738,0.000999000999000999,0.0022285406900791516
r,p2_noci,-57.87796233344545,0.000999000999000999,0.0022285406900791516
r,p2_poly,-54.47194053811362,0.000999000999000999,0.0022285406900791516
r,p2_cold,-3.08843357464036,0.08191808191808192,0.11878121878121879
r,p1,-75.81239177292258,0.008991008991008992,0.0162962037962038
v1,p2_noci,-50.969597584979205,0.000999000999000999,0.0022285406900791516
v1,p2_cold,-4.860435983809611,0.014985014985014986,0.025562672621496155
v1,p2_poly,-64.38037094502047,0.000999000999000999,0.0022285406900791516
v1,p1,219.07754494700117,0.000999000999000999,0.0022285406900791516
