pre_tag,post_tag
cltmr_module,noci_module
cltmr_module,np_module
cltmr_module,cltmr_module
cltmr_module,adltmr_module
np_module,np_module
np_module,noci_module
np_module,cltmr_module
np_module,adltmr_module
adltmr_module,np_module
adltmr_module,noci_module
adltmr_module,cltmr_module
adltmr_module,adltmr_module
noci_module,noci_module
noci_module,np_module
noci_module,cltmr_module
noci_module,adltmr_module
cltmr_module,v2
cltmr_module,r
np_module,v2
np_module,r
adltmr_module,v2
adltmr_module,r
noci_module,v2
noci_module,r
cltmr_module,v1
np_module,v1
adltmr_module,v1
noci_module,v1
cltmr_module,p2_noci
cltmr_module,p2_poly
cltmr_module,p1
np_module,p2_noci
np_module,p2_poly
np_module,p2_cold
np_module,p1
adltmr_module,p2_noci
adltmr_module,p2_poly
cltmr_module,p2_cold
adltmr_module,p2_cold
adltmr_module,p1
noci_module,p2_noci
noci_module,p2_cold
noci_module,p2_poly
noci_module,p1
v2,v1
r,v1
v2,p2_noci
v2,p2_cold
v2,p2_poly
v2,p1
r,p2_noci
r,p2_poly
r,p2_cold
r,p1
v1,p2_noci
v1,p2_cold
v1,p2_poly
v1,p1
