category,pre_tag,post_tag,label,observed,overlap_um,claim1_OE,claim1_ci_lo,claim1_ci_hi,p_null_parametric_claim1,q_null_parametric_claim1,claim2_OE,claim2_ci_lo,claim2_ci_hi,p_null_parametric_claim2,q_null_parametric_claim2
Sensory → Sensory,cltmr_module,noci_module,C-LTMR → Aδ-HTMR,50,33318.620847490456,0.3334751595754578,0.12000383895454889,0.6088849236883553,0.004995004995004995,0.011588411588411588,0.752195529951231,0.3651182547138011,1.2540512913506388,0.1028971028971029,0.14209599923885638
Sensory → Sensory,cltmr_module,np_module,C-LTMR → C-HTMR/Heat,45,98451.58612435164,0.10157113315498455,0.024733327912206043,0.2452828375840915,0.000999000999000999,0.003049581996950418,0.3508698499231111,0.09069219982378336,0.7790403353450857,0.000999000999000999,0.0022285406900791516
Sensory → Sensory,cltmr_module,cltmr_module,C-LTMR → C-LTMR,146,120019.15238940404,0.2703228774210324,0.13629938099536665,0.45940206668417477,0.000999000999000999,0.003049581996950418,0.4467807575199656,0.20939267242161172,0.7979015019651551,0.000999000999000999,0.0022285406900791516
Sensory → Sensory,cltmr_module,adltmr_module,C-LTMR → Aδ-LTMR,2,45658.879269936224,0.009733863451411496,0.0,0.051500777522212236,0.000999000999000999,0.003049581996950418,0.3568618717470006,0.0,1.9962645440295983,0.07292707292707293,0.10845564691718537
Sensory → Sensory,np_module,np_module,C-HTMR/Heat → C-HTMR/Heat,213,134498.50618171412,0.3519189423329569,0.08953447596151737,0.7607803445750905,0.000999000999000999,0.003049581996950418,1.4067040131494217,0.7829978852041003,1.9493835597061993,0.000999000999000999,0.0022285406900791516
Sensory → Sensory,np_module,noci_module,C-HTMR/Heat → Aδ-HTMR,79,38343.76601632949,0.45783904457288804,0.17312734155851947,0.8384866069452445,0.00999000999000999,0.02146002146002146,1.1949903961808033,0.6617698778088899,1.8658817730693051,0.17382617382617382,0.22404262404262404
Sensory → Sensory,np_module,cltmr_module,C-HTMR/Heat → C-LTMR,93,97506.33941333796,0.21194862196336334,0.02696129889876873,0.5759700373403451,0.000999000999000999,0.003049581996950418,0.40534664707147516,0.06238395496494117,0.8585945920911547,0.000999000999000999,0.0022285406900791516
Sensory → Sensory,np_module,adltmr_module,C-HTMR/Heat → Aδ-LTMR,1,22024.058033242996,0.010089813954522162,0.0,0.06171634564397506,0.001998001998001998,0.005518291232576947,0.4280380600018831,0.0,4.102084914068632,0.34065934065934067,0.4032294236375869
Sensory → Sensory,adltmr_module,np_module,Aδ-LTMR → C-HTMR/Heat,79,75803.33577321579,0.23158971856810576,0.1018450743940418,0.4505795306821624,0.000999000999000999,0.003049581996950418,0.9164312588813706,0.3873545743361467,1.9837766589625454,0.5134865134865135,0.5494148708434423
Sensory → Sensory,adltmr_module,noci_module,Aδ-LTMR → Aδ-HTMR,17,14148.871152489324,0.266997767993577,0.014657927431278368,0.7694436687988786,0.028971028971028972,0.05091877819150546,0.6898898505802387,0.03406020071189315,1.6609614924209193,0.24075924075924077,0.3035659992181731
Sensory → Sensory,adltmr_module,cltmr_module,Aδ-LTMR → C-LTMR,1194,192837.30601499358,1.3759218653766154,0.9381272609490819,1.9666543788128368,0.015984015984015984,0.030902430902430902,2.6050154093703135,2.0000416300887767,3.5148081370629134,0.000999000999000999,0.0022285406900791516
Sensory → Sensory,adltmr_module,adltmr_module,Aδ-LTMR → Aδ-LTMR,14,80483.74941222425,0.038654524619273926,0.0,0.10478013242054625,0.000999000999000999,0.003049581996950418,1.623379666129787,0.0,2.6989210537911124,0.013986013986013986,0.024581479126933672
Sensory → Sensory,noci_module,noci_module,Aδ-HTMR → Aδ-HTMR,14,7956.065193970883,0.39103011315994013,0.0,1.1554082188039312,0.1008991008991009,0.13879144111702252,1.2849351494516401,0.0,3.5172350683189397,0.46253746253746253,0.5159071697533236
Sensory → Sensory,noci_module,np_module,Aδ-HTMR → C-HTMR/Heat,2,15416.293188453512,0.02882906355795806,0.0,0.1915882061591999,0.003996003996003996,0.010076879642097034,0.14508083142216208,0.0,0.9094979553035205,0.008991008991008992,0.0162962037962038
Sensory → Sensory,noci_module,cltmr_module,Aδ-HTMR → C-LTMR,11,10318.842902692484,0.23688752236274635,0.0,1.1006261584366792,0.011988011988011988,0.02483231054659626,0.5703712031614825,0.0,2.2692021456559828,0.11188811188811189,0.15091884859326718
Sensory → Sensory,noci_module,adltmr_module,Aδ-HTMR → Aδ-LTMR,0,2309.0815016691117,0.0,0.0,0.0,0.04295704295704296,0.06733806733806734,0.0,0.0,0.0,0.5304695304695305,0.5494148708434423
Sensory → Radial/V2,cltmr_module,v2,C-LTMR → V2,643,106427.28385321079,1.3425748129763988,0.8679971981611796,1.9379393223282322,0.000999000999000999,0.003049581996950418,1.0522980805759676,0.7780431711957542,1.3614595227341084,0.4205794205794206,0.47830600771777243
Sensory → Radial/V2,cltmr_module,r,C-LTMR → Radial,850,104643.74315663021,1.8050372164577924,1.188847937170668,2.407093409504636,0.000999000999000999,0.003049581996950418,1.6535631565343445,1.169418763950623,2.16107241892967,0.000999000999000999,0.0022285406900791516
Sensory → Radial/V2,np_module,v2,C-HTMR/Heat → V2,276,76192.45064687908,0.8049661921764432,0.28759411855320843,1.5189317946320886,0.1008991008991009,0.13879144111702252,0.7300662175935018,0.29223601793118087,1.1998179584354407,0.000999000999000999,0.0022285406900791516
Sensory → Radial/V2,np_module,r,C-HTMR/Heat → Radial,781,122918.63695429466,1.4119320588809354,0.9637972213161057,1.8726253089034677,0.001998001998001998,0.005518291232576947,1.496693094592006,1.0725578706415242,2.060727672771835,0.000999000999000999,0.0022285406900791516
Sensory → Radial/V2,adltmr_module,v2,Aδ-LTMR → V2,340,76424.63004619999,0.9886124447209399,0.46819936024094627,1.623946683654834,0.954045954045954,0.9540459540459539,0.8876284663380718,0.39777805034666014,1.4173049882866067,0.2917082917082917,0.3599804450868281
Sensory → Radial/V2,adltmr_module,r,Aδ-LTMR → Radial,68,79283.87302729517,0.19059195133127763,0.07033354509217518,0.36357659119717156,0.000999000999000999,0.003049581996950418,0.20000647177827807,0.07136109833901945,0.4001597783478117,0.000999000999000999,0.0022285406900791516
Sensory → Radial/V2,noci_module,v2,Aδ-HTMR → V2,117,22061.19133770903,1.1785212061872914,0.4489094848428961,2.2972879302056666,0.3916083916083916,0.4453585630056218,1.3456788633301877,0.606888816951215,2.276834444192729,0.02097902097902098,0.03476523476523477
Sensory → Radial/V2,noci_module,r,Aδ-HTMR → Radial,118,18632.79519870963,1.407292904455925,0.3496341262706781,2.182782150245059,0.11688311688311688,0.15407319952774498,1.878117982722904,0.46906930601535546,2.935705889042851,0.002997002997002997,0.005794205794205794
Sensory → V1,cltmr_module,v1,C-LTMR → V1,445,94854.7965660956,1.042512366006277,0.6473186311579797,1.521753354122785,0.7112887112887113,0.7783914199008538,1.1242987328638778,0.7303274880435765,1.5489227074827319,0.0939060939060939,0.13284276698910846
Sensory → V1,np_module,v1,C-HTMR/Heat → V1,70,77216.9423031442,0.20144938275933363,0.0404511691171791,0.45274936266207877,0.000999000999000999,0.003049581996950418,0.25139160822292167,0.05167493796945367,0.5744295368333967,0.000999000999000999,0.0022285406900791516
Sensory → V1,adltmr_module,v1,Aδ-LTMR → V1,116,55108.54219561032,0.46775621619001473,0.184731596457249,0.8365939609704479,0.003996003996003996,0.010076879642097034,0.5778630686959573,0.22854089793017218,0.9827426147052527,0.000999000999000999,0.0022285406900791516
Sensory → V1,noci_module,v1,Aδ-HTMR → V1,25,22914.917406326906,0.24243884904606464,0.0,1.0324597565230784,0.000999000999000999,0.003049581996950418,0.3808960476253269,0.0,1.1941548717324193,0.001998001998001998,0.00413871842443271
Sensory → Projection,cltmr_module,p2_noci,C-LTMR → P2 Noci,61,14426.904242292161,0.9395874059441738,0.30122852554772667,1.712122588653396,0.8021978021978022,0.8308477237048667,2.8696840000922044,1.0654749877703709,5.422967757281936,0.000999000999000999,0.0022285406900791516
Sensory → Projection,cltmr_module,p2_poly,C-LTMR → P2 Poly,61,9339.325405915724,1.45142576617301,0.446977383193335,2.8911260382069095,0.07692307692307693,0.11439842209072978,2.780731192021511,0.9422381832725911,5.636647254255426,0.000999000999000999,0.0022285406900791516
Sensory → Projection,cltmr_module,p1,C-LTMR → P1,3,3135.828531852336,0.21259323890495674,0.0,0.9840958325719728,0.03696303696303696,0.06125303268160411,0.09624251312409318,0.0,0.38112947053237806,0.000999000999000999,0.0022285406900791516
Sensory → Projection,np_module,p2_noci,C-HTMR/Heat → P2 Noci,105,17139.96082248218,1.3613192171181507,0.7510240917956617,2.2000244111299554,0.07892107892107893,0.11443556443556444,4.811064660943399,2.7257498207905946,10.447270223371511,0.000999000999000999,0.0022285406900791516
Sensory → Projection,np_module,p2_poly,C-HTMR/Heat → P2 Poly,82,10540.701710883657,1.728720690735886,0.7426931838053014,3.574301634244837,0.015984015984015984,0.030902430902430902,3.8324221286326265,1.9431225787588977,9.440075121316388,0.000999000999000999,0.0022285406900791516
Sensory → Projection,np_module,p2_cold,C-HTMR/Heat → P2 Cold,1,2384.0699525983746,0.09320978515618938,0.0,0.6648606849141258,0.03596403596403597,0.06125303268160411,0.8067547850337832,0.0,6.353275413377814,0.8081918081918081,0.8091908091908092
Sensory → Projection,np_module,p1,C-HTMR/Heat → P1,0,4006.1197813254057,0.0,0.0,0.0,0.01898101898101898,0.034403096903096904,0.0,0.0,0.0,0.001998001998001998,0.00413871842443271
Sensory → Projection,adltmr_module,p2_noci,Aδ-LTMR → P2 Noci,1,889.2498455290573,0.24989450287372564,0.0,2.832162834211862,0.24275724275724275,0.2933316683316683,0.8742959324376396,0.0,12.810178928423555,0.8091908091908092,0.8091908091908092
Sensory → Projection,adltmr_module,p2_poly,Aδ-LTMR → P2 Poly,3,969.6926298534851,0.6874920193399748,0.0,1.6588260849646235,0.6613386613386614,0.7376469684161993,1.508817479906535,0.0,5.411476103338315,0.5224775224775224,0.5494148708434423
Sensory → Projection,cltmr_module,p2_cold,C-LTMR → P2 Cold,0,983.8986448289801,0.0,0.0,0.0,0.1028971028971029,0.13879144111702252,0.0,0.0,0.0,0.35564435564435565,0.4125474525474525
Sensory → Projection,adltmr_module,p2_cold,Aδ-LTMR → P2 Cold,1,140.10716227665503,1.5860620147329019,0.0,11.848997696691079,0.8661338661338661,0.8813291971186709,13.590040274051503,0.0,98.66360908851037,0.03196803196803197,0.05011205011205011
Sensory → Projection,adltmr_module,p1,Aδ-LTMR → P1,0,365.566584652075,0.0,0.0,0.0,0.2787212787212787,0.32991498297620747,0.0,0.0,0.0,0.15284715284715283,0.2014803378439742
Sensory → Projection,noci_module,p2_noci,Aδ-HTMR → P2 Noci,22,9131.81943930655,0.5353599345925866,0.09202227957731611,1.1635865233624092,0.14185814185814186,0.18138383355774665,2.3820260257237758,0.43878922436483475,6.441517723299903,0.002997002997002997,0.005794205794205794
Sensory → Projection,noci_module,p2_cold,Aδ-HTMR → P2 Cold,6,1666.7133241579259,0.7999647384758001,0.0,2.5870799740363144,0.7532467532467533,0.7943329397874853,8.717065407064686,0.0,28.32877253601527,0.000999000999000999,0.0022285406900791516
Sensory → Projection,noci_module,p2_poly,Aδ-HTMR → P2 Poly,7,5933.452276989521,0.2621628124634354,0.0,0.5788103095722452,0.04695304695304695,0.07166517692833482,0.7317100397772772,0.0,2.628172527522014,0.4805194805194805,0.5258515069835824
Sensory → Projection,noci_module,p1,Aδ-HTMR → P1,3,1901.0738898733043,0.3506733472003511,0.0,2.8750921728384586,0.19480519480519481,0.24039789997236807,0.23127250890520926,0.0,1.278579603576315,0.052947052947052944,0.08081392291918607
Radial/V2 → V1,v2,v1,V2 → V1,1152,75166.56747534094,3.405714683872109,2.498621321363464,4.5462282106645695,0.000999000999000999,0.003049581996950418,1.282867916516492,1.0453527013944122,1.562557279849056,0.000999000999000999,0.0022285406900791516
Radial/V2 → V1,r,v1,Radial → V1,1198,70999.54332113413,3.749572573932646,3.0374556169835354,4.555584381545791,0.000999000999000999,0.003049581996950418,1.2797607755295997,1.0966045800969446,1.5412008178212815,0.000999000999000999,0.0022285406900791516
Radial/V2 → Projection,v2,p2_noci,V2 → P2 Noci,38,21962.72482928177,0.3844836509422747,0.09088994453472653,0.8878822168128249,0.006993006993006993,0.01559978483055406,0.4101549364057741,0.10516214140045832,0.9808871895324395,0.000999000999000999,0.0022285406900791516
Radial/V2 → Projection,v2,p2_cold,V2 → P2 Cold,9,3896.4091639906405,0.5132848601205051,0.0,1.2224299781381456,0.14385614385614387,0.18138383355774665,1.3409955737279644,0.0,3.135007787653923,0.3196803196803197,0.3862803862803863
Radial/V2 → Projection,v2,p2_poly,V2 → P2 Poly,88,18303.30094731011,1.06839968851781,0.3883934860156038,2.030541058953396,0.7282717282717283,0.7822177822177822,0.7149424902951942,0.29159745914201585,1.3588150534828105,0.026973026973026972,0.043456543456543456
Radial/V2 → Projection,v2,p1,V2 → P1,44,7612.739678229774,1.2843760497207182,0.49396560257010813,3.36921897258513,0.2947052947052947,0.3418581418581419,0.20308735386131718,0.059897202757425785,0.42886181264535095,0.000999000999000999,0.0022285406900791516
Radial/V2 → Projection,r,p2_noci,Radial → P2 Noci,2,12861.47945443008,0.034555689936973596,0.0,0.1680524032916537,0.000999000999000999,0.003049581996950418,0.03340127021790556,0.0,0.19036502628694443,0.000999000999000999,0.0022285406900791516
Radial/V2 → Projection,r,p2_poly,Radial → P2 Poly,13,9091.057550219433,0.3177674774435396,0.0,1.1034060383907163,0.016983016983016984,0.031774676935967264,0.19267268580544405,0.0,0.7302420348841593,0.000999000999000999,0.0022285406900791516
Radial/V2 → Projection,r,p2_cold,Radial → P2 Cold,0,1624.6544523373298,0.0,0.0,0.0,0.04195804195804196,0.06733806733806734,0.0,0.0,0.0,0.08191808191808192,0.11878121878121879
Radial/V2 → Projection,r,p1,Radial → P1,62,4387.658342733428,3.1400704213255017,1.3019017428521327,5.7871734142490725,0.000999000999000999,0.003049581996950418,0.44988697462097216,0.10995921458547316,0.8897020772250822,0.008991008991008992,0.0162962037962038
V1 → Projection,v1,p2_noci,V1 → P2 Noci,3,25964.980763360967,0.025675194998710633,0.0,0.08283832520043433,0.000999000999000999,0.003049581996950418,0.05558685138006766,0.0,0.23776515743188986,0.000999000999000999,0.0022285406900791516
V1 → Projection,v1,p2_cold,V1 → P2 Cold,0,5726.811353031008,0.0,0.0,0.0,0.004995004995004995,0.011588411588411588,0.0,0.0,0.0,0.014985014985014986,0.025562672621496155
V1 → Projection,v1,p2_poly,V1 → P2 Poly,14,23654.481364661602,0.131521001249008,0.0,0.3411470038003233,0.000999000999000999,0.003049581996950418,0.17861614880357884,0.0,0.5726487828476328,0.000999000999000999,0.0022285406900791516
V1 → Projection,v1,p1,V1 → P1,383,11689.552672074471,7.280838249489764,5.146280845579284,10.75962946843979,0.000999000999000999,0.003049581996950418,2.336470618845552,1.6242313356926767,3.8342840882189986,0.000999000999000999,0.0022285406900791516
