,pre_root_id,pre_cluster
0,720575940930897229,Islet-chtmr-dendrite
1,720575940923001544,Islet-chtmr-dendrite
2,720575940894142787,Islet-chtmr-dendrite
3,720575940894143043,Islet-chtmr-dendrite
4,720575940865475487,Islet-chtmr-dendrite
5,720575940870685014,Islet-cltmr-dendrite
6,720575940894143299,Islet-cltmr-dendrite
7,720575940865475743,Islet-cltmr-dendrite
8,720575940884145919,Islet-cltmr-dendrite
9,720575940883905052,Islet-cltmr-dendrite
10,720575940923001800,Islet-adltmr-dendrite
11,720575940890756047,Islet-adltmr-dendrite
12,720575940889264869,Islet-adltmr-dendrite
13,720575940882552101,Islet-adltmr-dendrite
14,720575940891196854,Islet-adltmr-dendrite
15,720575940918314549,IN-adhtmr-dendrite
16,720575940903193533,IN-adhtmr-dendrite
17,720575940894143555,IN-adhtmr-dendrite
18,720575940927794480,IN-adhtmr-dendrite
19,720575940890118968,IN-adhtmr-dendrite
20,720575940920894376,IN-adhtmr-dendrite
