,cell_type
720575940905042134,v2
720575940878955828,v1
720575940893395733,c1
720575940905061686,c1
720575940889238903,c3
720575940937848237,outlier_cluster_1
720575940901820903,v2
720575940917780131,c3
720575940892205566,v1
720575940912535686,c1
720575940894647859,v2
720575940878916148,c1
720575940913573871,v2
720575940890116152,v2
720575940878956084,v2
720575940919622661,c3
720575940901384751,c3
720575940881935099,c3
720575940907045673,c3
720575940875116119,c1
720575940904086480,c1
720575940914883824,c1
720575940877501751,c1
720575940890245126,c2
720575940881936635,u
720575940920044149,u
720575940877555255,c2
720575940880837650,v2
720575940927109144,outlier_cluster_2
720575940937240862,v2
720575940877146203,v2
720575940900033476,v1
720575940891181902,c2
720575940902820719,c2
720575940881935355,outlier_cluster_1
720575940888793434,u
720575940902703006,c2
720575940892644980,outlier_cluster_2
720575940890107704,v2
720575940939716165,v1
720575940927244768,v1
720575940883201751,r
720575940892204542,v1
720575940937856941,v1
720575940903415565,r
720575940880837906,v1
720575940908782425,r
720575940897454998,v2
720575940920881320,v1
720575940917853067,v1
720575940899433261,v1
720575940899433773,v1
720575940878326395,v2
720575940896872522,v1
720575940881936465,v2
720575940882116384,v1
720575940903414541,v2
720575940890962241,r
720575940912922112,v2
720575940922795818,v1
720575940899434029,v1
720575940891782823,v2
720575940910295881,r
720575940891185846,v1
720575940878325883,v1
720575940927244256,v1
720575940884925028,r
720575940894662868,v2
720575940905042902,r
720575940919632133,v1
720575940915253823,v2
720575940893154730,v2
720575940881055666,r
720575940888216655,v1
720575940946223236,r
720575940918815793,v1
720575940899433005,v1
720575940888793178,r
720575940927184920,v1
720575940924182661,c2
720575940896732090,c4
720575940917781923,v2
720575940916010848,r
720575940859648663,v1
720575940917852811,r
720575940894664404,r
720575940891184310,v1
720575940895888494,outlier_cluster_3
720575940877555511,r
720575940884057772,r
720575940882117920,r
720575940927244512,v1
720575940878956340,c2
720575940923272236,v2
720575940920027261,v1
720575940899432749,v1
720575940920098933,c1
720575940900956101,c2
720575940883901724,c2
720575940928343548,r
720575940908781145,c2
720575940880839442,c4
720575940901383983,c3
720575940917429907,"c1, pep"
720575940922949405,"c1, pep"
720575940894178664,c1
720575940909769176,c1
720575940899153235,c1
720575940894647347,c1
720575940883198679,v2
720575940908386564,c1
720575940899282056,"c1, pep"
720575940890111288,v1
720575940920054001,v2
720575940891518756,v2
720575940886540578,v2
720575940894116163,v2
720575940940945535,c2
720575940924471618,v2
720575940899433517,v1
720575940891783335,v1
720575940939715909,v2
720575940881935185,v2
720575940888165967,c4
720575940875854397,r
720575940878957108,v1
720575940905043670,r
720575940932846484,v1
720575940917422227,c4
720575940937857965,r
720575940891783079,v2
720575940905041878,v2
720575940930905464,c2
720575940895289006,c4
720575940920456848,r
720575940927248352,c4
720575940941124460,c4
720575940940380075,c2
720575940903370509,outlier_cluster_2
720575940905043926,r
720575940917531755,v1
720575940888799761,r
720575940902629074,r
720575940893156522,v1
720575940880836114,v1
720575940918750769,c1
720575940876378079,c1
720575940889249143,outlier_cluster_3
720575940900963269,v2
720575940889924328,v2
720575940878955572,v1
720575940903679779,c1
720575940883729656,c4
720575940922709290,c1
720575940910607129,v2
720575940877146459,v1
720575940880838162,c2
720575940948987670,c4
720575940890108216,v2
720575940909797811,v1
720575940891183798,c2
720575940883197911,c2
720575940909393947,c1
720575940937862061,c4
720575940869443690,outlier_cluster_2
720575940902624978,c4
720575940886853257,c4
720575940937221662,u
720575940907584340,c4
720575940882160356,v2
720575940878312571,c4
720575940941106028,u
720575940891164342,c1
720575940890900801,outlier_cluster_0
720575940865467295,v1
720575940882434253,outlier_cluster_1
720575940892103010,p1
720575940914014910,"p2, polymodal"
720575940889952699,"p2, polymodal"
720575940869352923,p1
720575940882393805,p1
720575940902518994,"p2, polymodal"
720575940898432765,"p2, pep"
720575940894563284,"p2, pep"
720575940883900700,"p2, cold"
720575940898821041,"p2, pep"
720575940882103072,"p2, cold"
720575940886574602,p1
720575940895281326,"p2, pep"
720575940894664201,"p2, cold"
720575940930825549,"p2, polymodal"
720575940868396952,"p2, polymodal"
720575940909802419,"p2, polymodal"
720575940884015788,"p2, polymodal"
720575940883900444,"p2, polymodal"
720575940883198167,"p2, cold"
720575940884939979,"p2, pep"
720575940881844049,"p2, pep"
720575940887194266,"p2, polymodal"
720575940890018996,"p2, polymodal"
720575940915676096,"p2, pep"
720575940896702138,"p2, pep"
720575940921478163,p1
720575940897341698,"p2, cold"
720575940917098044,"p2, polymodal"
720575940880850833,"p2, pep"
720575940913491825,"p2, polymodal"
720575940903113149,p1
720575940890939713,"p2, polymodal"
720575940881974650,"p2, polymodal"
720575940865160474,"p2, pep"
720575940888731665,"p2, pep"
720575940905050934,"p2, polymodal"
720575940885287873,"p2, pep"
720575940890704372,"p2, polymodal"
720575940899779727,"p2, pep"
720575940879773686,"p2, pep"
720575940898677394,"p2, cold"
720575940924431938,"p2, polymodal"
720575940901717479,"p2, cold"
720575940925790278,"p2, cold"
720575940963340820,"p2, polymodal"
