group,neuron_id
cold_only,720575940927796016
cold_only,720575940882103072
cold_only,720575940894664201
cold_only,720575940918311989
cold_only,720575940883198167
cold_only,720575940875863357
cold_only,720575940898677394
cold_only,720575940901717479
cold_only,720575940925790278
noci_only,720575940902518994
noci_only,720575940898432765
noci_only,720575940894563284
noci_only,720575940898821041
noci_only,720575940895281326
noci_only,720575940909802419
noci_only,720575940884939979
noci_only,720575940881844049
noci_only,720575940890018996
noci_only,720575940915676096
noci_only,720575940896702138
noci_only,720575940880850833
noci_only,720575940913491825
noci_only,720575940890939713
noci_only,720575940881974650
noci_only,720575940865160474
noci_only,720575940888731665
noci_only,720575940902401208
noci_only,720575940890704372
noci_only,720575940899779727
noci_only,720575940879773686
noci_only,720575940924431938
noci_only,720575940963340820
both,720575940914014910
both,720575940889952699
both,720575940930825549
both,720575940884015788
both,720575940883900444
both,720575940887194266
both,720575940917098044
both,720575940905050934
other,
