P1,P2-Poly,P2-Noci,P2-Cold
2.390115454729593,11.07569721115538,14.819136522753793,39.371337240277036
4.385646973541138,13.485477178423237,22.22222222222222,41.387024608501115
1.7427122940430924,18.623639191290824,38.49056603773585,43.47826086956522
1.7508024511234317,3.38302752293578,26.54837629728825,23.162193698949824
3.020071281185519,18.125352907961602,21.9350563286945,37.48211731044349
2.807646356033453,11.356209150326798,29.63981990995498,42.51012145748988
,7.017543859649122,30.0099042588313,44.827586206896555
,9.691313711414214,18.201861832435082,49.9290780141844
,20.761727821644218,18.961038961038962,45.04761904761905
,9.98185117967332,21.32114420524919,
,11.37968495382944,18.656414407122625,
,18.951930654058312,28.180262407301772,
,12.465564738292011,20.028670899037476,
,21.10526315789474,22.94463087248322,
,11.727163940965298,23.98164084911073,
,,16.260954235637783,
