pre_tag,post_tag,label,observed,overlap_um,claim1_OE,claim1_ci_lo,claim1_ci_hi,p_null_parametric_claim1,q_null_parametric_claim1
v1,p2_noci,Vert1 → P2 Noci,3,25964.980763360967,0.030198597079945717,0.0,0.10342880495137717,9.999000099990002e-05,0.00032080125320801256
v1,p2_cold,Vert1 → P2 Cold,0,5726.811353031008,0.0,0.0,0.0,0.005499450054994501,0.01008232510082325
v1,p2_poly,Vert1 → P2 Poly,14,23654.481364661602,0.1546920957939866,0.0,0.42649882337288997,0.00029997000299970003,0.0008554700085547
v1,np_module,Vert1 → C-HTMR/Heat module,2,27884.61890474229,0.01874643974730044,0.0,0.07885359560957259,9.999000099990002e-05,0.00032080125320801256
v1,p1,Vert1 → P1,383,11689.552672074471,8.563561083436376,5.902461013863777,12.938591085204683,9.999000099990002e-05,0.00032080125320801256
v1,noci_module,Vert1 → Aδ-HTMR module,2,22313.480015763344,0.023426974537584397,0.0,0.09524773653243349,9.999000099990002e-05,0.00032080125320801256
v1,cltmr_module,Vert1 → C-LTMR module,5,31177.427278187948,0.041916329682203976,0.0,0.12832825470896944,9.999000099990002e-05,0.00032080125320801256
v1,v2,Vert1 → Vert2,146,74567.42402318206,0.5117492719723319,0.12695140022459467,1.0592859837363364,9.999000099990002e-05,0.00032080125320801256
v1,v1,Vert1 → Vert1,1137,82477.15265158925,3.6031332497909476,2.831500170065875,4.559420252606769,9.999000099990002e-05,0.00032080125320801256
v1,r,Vert1 → Radial,43,33996.64855972829,0.33058707348754107,0.13096806536542963,0.665587307060698,9.999000099990002e-05,0.00032080125320801256
v2,p2_noci,Vert2 → P2 Noci,38,21962.72482928177,0.45222117531007355,0.10633402544222002,1.0450019388411729,0.0165983401659834,0.028401604284016044
v2,p2_cold,Vert2 → P2 Cold,9,3896.4091639906405,0.6037143117625334,0.0,1.3989687360491057,0.24997500249975002,0.28728470436538434
v2,p2_poly,Vert2 → P2 Poly,88,18303.30094731011,1.2566281080049873,0.4709477351611248,2.362224892652519,0.23697630236976303,0.2764723527647235
v2,np_module,Vert2 → C-HTMR/Heat module,9,24369.413201867646,0.09652747718207505,0.0,0.3048447770947358,9.999000099990002e-05,0.00032080125320801256
v2,p1,Vert2 → P1,44,7612.739678229774,1.51065473218786,0.561085650830749,3.8287879257096016,0.0796920307969203,0.10120762117336654
v2,noci_module,Vert2 → Aδ-HTMR module,6,20160.54191598878,0.07778620193135048,0.0,0.3047719032108088,0.0014998500149985001,0.0031213094906725543
v2,cltmr_module,Vert2 → C-LTMR module,2,33824.164555613155,0.015454552537867112,0.0,0.06617414884791213,9.999000099990002e-05,0.00032080125320801256
v2,adltmr_module,Vert2 → Aδ-LTMR module,2,14499.820945320473,0.036051295401884884,0.0,0.17806487459834416,0.0011998800119988001,0.0025664100256641
v2,v2,Vert2 → Vert2,220,72994.26775895231,0.7877482419447699,0.38436221690094924,1.4052729775536357,0.0801919808019198,0.10120762117336654
v2,v1,Vert2 → Vert1,1152,75166.56747534094,4.005726364012946,2.955039804836273,5.211933119463346,9.999000099990002e-05,0.00032080125320801256
v2,r,Vert2 → Radial,33,31048.41547478269,0.27779729763921035,0.07353596532436324,0.6987711035664239,0.0004999500049995,0.00128320501283205
cltmr_module,p2_noci,C-LTMR module → P2 Noci,61,14426.904242292161,1.1051219472695106,0.3283363970542235,1.980539506046185,0.6915308469153084,0.7195658812497128
cltmr_module,p2_poly,C-LTMR module → P2 Poly,61,9339.325405915724,1.7071349178189827,0.48194921877080943,3.441341069728247,0.0216978302169783,0.035547509078879345
cltmr_module,p1,C-LTMR module → P1,3,3135.828531852336,0.25004747048401504,0.0,1.2316561540144733,0.0720927907209279,0.0940872014493466
cltmr_module,noci_module,C-LTMR module → Aδ-HTMR module,50,33318.620847490456,0.39222611476546043,0.13661547048263503,0.7333041575692065,0.009099090090990901,0.015923407659234078
cltmr_module,np_module,C-LTMR module → C-HTMR/Heat module,45,98451.58612435164,0.11946572266558945,0.027065109215322524,0.2833448034696955,9.999000099990002e-05,0.00032080125320801256
cltmr_module,cltmr_module,C-LTMR module → C-LTMR module,146,120019.15238940404,0.3179477958060013,0.15789174588513044,0.5272899842564931,9.999000099990002e-05,0.00032080125320801256
cltmr_module,adltmr_module,C-LTMR module → Aδ-LTMR module,2,45658.879269936224,0.011448755127863572,0.0,0.05642220540032397,9.999000099990002e-05,0.00032080125320801256
cltmr_module,v2,C-LTMR module → Vert2,643,106427.28385321079,1.5791068316635486,1.0441097621008129,2.279758462940925,0.00019998000199980003,0.0005922484674609462
cltmr_module,v1,C-LTMR module → Vert1,445,94854.7965660956,1.2261800112312855,0.7297871555688603,1.8165537973943287,0.06719328067193281,0.08920487261618666
cltmr_module,r,C-LTMR module → Radial,850,104643.74315663021,2.123044892817874,1.4223420153079456,2.867254211678997,9.999000099990002e-05,0.00032080125320801256
np_module,p2_noci,C-HTMR/Heat module → P2 Noci,105,17139.96082248218,1.6011535856690728,0.8573424151148684,2.6362492317734545,0.017698230176982303,0.029625298339731244
np_module,p2_poly,C-HTMR/Heat module → P2 Poly,82,10540.701710883657,2.0332830814301555,0.8284039841850587,4.314871165163316,0.0025997400259974,0.005004499550044996
np_module,np_module,C-HTMR/Heat module → C-HTMR/Heat module,213,134498.50618171412,0.41391928454086946,0.10862277924284192,0.9167222439950387,0.0004999500049995,0.00128320501283205
np_module,p2_cold,C-HTMR/Heat module → P2 Cold,1,2384.0699525983746,0.10963128988821402,0.0,0.834966143805538,0.049795020497950204,0.06846815318468154
np_module,p1,C-HTMR/Heat module → P1,0,4006.1197813254057,0.0,0.0,0.0,0.0244975502449755,0.03849615038496151
np_module,noci_module,C-HTMR/Heat module → Aδ-HTMR module,79,38343.76601632949,0.5385001685563937,0.19993083535724385,0.9934186940033657,0.0331966803319668,0.04915662279925854
np_module,cltmr_module,C-HTMR/Heat module → C-LTMR module,93,97506.33941333796,0.24928928627972516,0.025174466942542214,0.6892764042074588,9.999000099990002e-05,0.00032080125320801256
np_module,adltmr_module,C-HTMR/Heat module → Aδ-LTMR module,1,22024.058033242996,0.011867416245116344,0.0,0.07416876533284514,0.0010998900109989002,0.0024197580241975803
np_module,v2,C-HTMR/Heat module → Vert2,276,76192.45064687908,0.9467834500082788,0.3169295810607643,1.7694008846795128,0.6801319868013199,0.7173994929274197
np_module,v1,C-HTMR/Heat module → Vert1,70,77216.9423031442,0.23694031310213548,0.0497461769307554,0.5403964488923183,9.999000099990002e-05,0.00032080125320801256
np_module,r,C-HTMR/Heat module → Radial,781,122918.63695429466,1.6606832918910561,1.1727336245000015,2.1853357579255155,9.999000099990002e-05,0.00032080125320801256
r,p2_noci,Radial → P2 Noci,2,12861.47945443008,0.040643639017292954,0.0,0.1920036468876897,0.0018998100189981002,0.003750906960585993
r,p2_poly,Radial → P2 Poly,13,9091.057550219433,0.3737510860934102,0.0,1.3537551745071104,0.0364963503649635,0.05302299958683376
r,np_module,Radial → C-HTMR/Heat module,3,45069.154328546785,0.017397841249588895,0.0,0.06244520494932167,9.999000099990002e-05,0.00032080125320801256
r,p2_cold,Radial → P2 Cold,0,1624.6544523373298,0.0,0.0,0.0,0.049095090490950906,0.06846815318468154
r,p1,Radial → P1,62,4387.658342733428,3.6932814516511447,1.7328669856708652,6.581664510561284,9.999000099990002e-05,0.00032080125320801256
r,noci_module,Radial → Aδ-HTMR module,4,20813.34392281611,0.05023097971308189,0.0,0.15369427361792068,0.0004999500049995,0.00128320501283205
r,cltmr_module,Radial → C-LTMR module,16,59734.65857189343,0.0700079104053199,0.012140399890846644,0.15131386554843343,9.999000099990002e-05,0.00032080125320801256
r,adltmr_module,Radial → Aδ-LTMR module,1,24579.81578494322,0.010633467165657069,0.0,0.060998266994553914,0.00019998000199980003,0.0005922484674609462
r,v2,Radial → Vert2,56,67757.3996914129,0.21601545005470682,0.1144772375646615,0.351403134853296,9.999000099990002e-05,0.00032080125320801256
r,v1,Radial → Vert1,1198,70999.54332113413,4.410164416974954,3.531138336965954,5.449342598864066,9.999000099990002e-05,0.00032080125320801256
r,r,Radial → Radial,35,44140.67815886863,0.20724428406205364,0.08989442658076806,0.366263392162606,9.999000099990002e-05,0.00032080125320801256
adltmr_module,p2_noci,Aδ-LTMR module → P2 Noci,1,889.2498455290573,0.29392039301574724,0.0,3.306849896179129,0.3257674232576742,0.3583441655834416
adltmr_module,np_module,Aδ-LTMR module → C-HTMR/Heat module,79,75803.33577321579,0.2723907101483537,0.12052586543538574,0.5287512673312845,0.0008999100089991,0.0020997900209979
adltmr_module,p2_poly,Aδ-LTMR module → P2 Poly,3,969.6926298534851,0.8086129234371443,0.0,1.9533939338261346,0.791020897910209,0.8121147885211479
adltmr_module,noci_module,Aδ-LTMR module → Aδ-HTMR module,17,14148.871152489324,0.3140368755636624,0.028881322506962563,0.9116547765882959,0.042495750424957505,0.060595792272624585
adltmr_module,cltmr_module,Aδ-LTMR module → C-LTMR module,1194,192837.30601499358,1.6183288979142063,1.1034077744240003,2.294433045343032,0.0015998400159984002,0.00324178108504939
adltmr_module,adltmr_module,Aδ-LTMR module → Aδ-LTMR module,14,80483.74941222425,0.045464597809399925,0.0,0.12075432387089198,0.0010998900109989002,0.0024197580241975803
adltmr_module,v2,Aδ-LTMR module → Vert2,340,76424.63004619999,1.1627841147008633,0.5275357452369868,1.8847985356094348,0.35436456354364565,0.3843108646881791
adltmr_module,v1,Aδ-LTMR module → Vert1,116,55108.54219561032,0.5501645266986911,0.22607986626581483,0.9674988701123101,0.0226977302269773,0.03641094223910942
adltmr_module,r,Aδ-LTMR module → Radial,68,79283.87302729517,0.22417004214468142,0.07332393891558761,0.44216810304318593,0.0006999300069993001,0.0016842065793420658
v1,adltmr_module,Vert1 → Aδ-LTMR module,1,12177.413380460812,0.02146339751481792,0.0,0.11668203883358182,0.0005999400059994001,0.0014901735632888323
cltmr_module,p2_cold,C-LTMR module → P2 Cold,0,983.8986448289801,0.0,0.0,0.0,0.10518948105189481,0.12655609439056095
adltmr_module,p2_cold,Aδ-LTMR module → P2 Cold,1,140.10716227665503,1.8654910986705702,0.0,11.966565594466966,0.89001099890011,0.9017216699382694
adltmr_module,p1,Aδ-LTMR module → P1,0,365.566584652075,0.0,0.0,0.0,0.3635636436356364,0.38881111888811115
noci_module,p2_noci,Aδ-HTMR module → P2 Noci,22,9131.81943930655,0.629678526621492,0.09456933282512003,1.4219296802462882,0.2890710928907109,0.322586581921518
noci_module,p2_cold,Aδ-HTMR module → P2 Cold,6,1666.7133241579259,0.9409008506696055,0.0,3.02716491412979,0.9467053294670533,0.9467053294670532
noci_module,p2_poly,Aδ-HTMR module → P2 Poly,7,5933.452276989521,0.3083501076944589,0.0,0.708702018481897,0.08149185081491851,0.10120762117336654
noci_module,p1,Aδ-HTMR module → P1,3,1901.0738898733043,0.4124542430665519,0.0,3.715324934692698,0.28217178282171784,0.3195180481951805
noci_module,noci_module,Aδ-HTMR module → Aδ-HTMR module,14,7956.065193970883,0.4599209795304619,0.0,1.3559528382748303,0.16628337166283372,0.1969818402775107
noci_module,np_module,Aδ-HTMR module → C-HTMR/Heat module,2,15416.293188453512,0.033908107596559316,0.0,0.21534140745339064,0.006999300069993001,0.012533630357894444
noci_module,cltmr_module,Aδ-HTMR module → C-LTMR module,11,10318.842902692484,0.278621869919915,0.0,1.2534528939873664,0.029997000299970003,0.045289588688190004
noci_module,adltmr_module,Aδ-HTMR module → Aδ-LTMR module,0,2309.0815016691117,0.0,0.0,0.0,0.06379362063793621,0.08617734717756295
noci_module,v2,Aδ-HTMR module → Vert2,117,22061.19133770903,1.3861506040210754,0.5409242878144644,2.8006437114764644,0.08449155084491551,0.10326745103267451
noci_module,v1,Aδ-HTMR module → Vert1,25,22914.917406326906,0.28515121771170787,0.0,1.2192221468208433,0.0031996800319968005,0.006009155182042772
noci_module,r,Aδ-HTMR module → Radial,118,18632.79519870963,1.655226820955604,0.4851942878740165,2.6235067120482585,0.0268973102689731,0.041421857814218574
