tag,0.05,0.1,0.2,0.3,0.5,0.75,1.0
adltmr_module,2.0,2.0,2.0,2.0015,2.0538,2.2228333333333334,2.4358
p2_cold,2.0,2.0,2.0,2.0032777777777775,2.08,2.3014444444444444,2.5698333333333334
np_module,2.0,2.0,2.002314814814815,2.022888888888889,2.1460555555555554,2.3652962962962962,2.605703703703704
cltmr_module,2.0,2.0,2.0014166666666666,2.0275624999999997,2.153729166666667,2.3939166666666667,2.6600208333333333
noci_module,2.0,2.0,2.0047,2.0462499999999997,2.193,2.4297,2.67695
p2_noci,2.00615625,2.0275,2.05275,2.098125,2.27690625,2.5647812500000002,2.8536875
r,2.0,2.0068125,2.0648958333333334,2.1504791666666665,2.38375,2.6903333333333332,3.002125
p2_poly,2.093166666666667,2.1165333333333334,2.2222333333333335,2.3529,2.634533333333333,2.9978,3.3949333333333334
v2,2.241722222222222,2.3933055555555556,2.5845555555555553,2.7055277777777778,2.960166666666667,3.334027777777778,3.728819444444445
v1,2.6889146341463417,2.8206341463414635,2.9599146341463416,3.131963414634147,3.4999024390243907,4.012829268292683,4.529390243902439
p1,2.91825,2.9785,3.2390833333333333,3.4995833333333333,3.9499999999999997,4.530916666666667,5.1425
