cell_type,C-Cold,Aδ-HTMR,C-Heat,C-HTMR,C-HTMR-Non-peptidergic,C-LTMR,Aδ-LTMR,Aβ-LTMR
p1,0.011312675033902318,0.007715766970595456,0.0029481863899679674,0.0006899843624115232,6.396287312196012e-05,0.0007138365200679295,0.00020255215718047398,0.0003802588671838526
p2_cold,0.35161489400570656,0.01645730242735017,0.04478818040304556,0.0007084523156402287,0.00022845682931758543,0.0,0.0,0.0
p2_noci,0.013345307511433965,0.11089701310154228,0.10246046231696414,0.004531520274068068,0.001198414095202102,1.78660758950904e-05,0.0,0.0
p2_poly,0.03874613110073382,0.024654435527132937,0.05342248237872446,0.004790920424511441,0.005009953839637235,0.0011146290280955918,2.78473962684489e-05,9.432791747573515e-05
v1,0.001065256792849929,0.0074058791784926935,0.0021085966488254464,0.000997900393190001,0.002903159932949673,0.0025508839277760998,0.0014978682955508462,0.005060866952350117
v2,0.0007998284812192924,0.01782589164019283,0.0036977169840975246,0.0019196175916079224,0.0023189509158435266,0.0050359681488614805,0.0020304496776782496,0.008294848104824165
r,0.0007904577634996803,0.02083106572932432,0.013039937243709226,0.057557358006502725,0.05386935903188699,0.010091961926913542,0.005494661359393579,0.005293484755044857
noci_module,0.017897410352121536,0.12200269885734857,0.058705821014196045,0.013578369114197675,0.023530063481467002,0.0036949569645235505,0.0,0.0020760424007386247
np_module,6.764005696485014e-05,0.007396174047052893,0.011226282884008662,0.03055457185081165,0.23916425844654465,0.026515174191912964,0.00039331482867432656,0.0004308684894590125
cltmr_module,0.00029310888950910254,0.0035307357258197347,0.004128538000253813,0.0018386137369670993,0.013320439465911181,0.20210644734980612,0.00648524465846564,0.0022771814855817494
adltmr_module,9.679616555982659e-05,0.0022932228566027836,0.00017557608374019825,0.00019446206779185512,0.00044229664862983263,0.02239002627094296,0.13710205379377768,0.012654869599649612
