tag,n,layer_mean,layer_sd,layer_min,layer_max,frac_traversed
adltmr_module,15,2.0525466666666667,0.03882521026834197,2.0,2.1196,1.0
p2_cold,9,2.076833333333333,0.05643507331438488,2.0,2.1534,1.0
np_module,27,2.144888888888889,0.05238065066513169,2.0844,2.2748,1.0
cltmr_module,24,2.1559041666666667,0.08335152109494202,2.0,2.2603,1.0
noci_module,10,2.19696,0.06152887668945909,2.1117,2.2817,1.0
p2_noci,16,2.275225,0.23381355677833002,2.0785,3.025,1.0
r,24,2.3856333333333333,0.16914074578308433,2.0848,2.952,1.0
p2_poly,15,2.6363666666666665,0.4417552484394605,2.0,3.4847,1.0
v2,36,2.960625,0.3779445472363826,2.1291,3.8338,1.0
v1,41,3.5056073170731703,0.20270714391733197,2.9636,3.8369,1.0
p1,6,3.9492166666666666,0.09382518673931142,3.8572,4.0742,1.0
