root_id,tag,group,layer_min,layer_max,layer_mean,layer_median,n_seen,frac_traversed
720575940847552365,ad-htmr,sensory,1,1,1.0,1.0,10000,1.0
720575940851372659,C-COLD,sensory,1,1,1.0,1.0,10000,1.0
720575940851375219,C-COLD,sensory,1,1,1.0,1.0,10000,1.0
720575940851470195,v1,exn,3,6,3.242,3.0,10000,1.0
720575940859648663,v1,exn,2,6,3.2423,3.0,10000,1.0
720575940859731351,cltmr,sensory,1,1,1.0,1.0,10000,1.0
720575940861406706,adltmr,sensory,1,1,1.0,1.0,10000,1.0
720575940861447666,v2,exn,2,5,2.4365,2.0,10000,1.0
720575940861450226,cltmr_module,exn,2,2,2.0,2.0,10000,1.0
720575940862185831,cltmr,sensory,1,1,1.0,1.0,10000,1.0
720575940862564127,c-htmr-p,sensory,1,1,1.0,1.0,10000,1.0
720575940864403212,mrgd,sensory,1,1,1.0,1.0,10000,1.0
720575940864403724,mrgd,sensory,1,1,1.0,1.0,10000,1.0
720575940865160474,p2_noci,pn,2,3,2.0146,2.0,10000,1.0
720575940865467295,v1,exn,2,6,3.0842,3.0,10000,1.0
720575940868496536,ad-htmr,sensory,1,1,1.0,1.0,10000,1.0
720575940868757741,c-htmr-p,sensory,1,1,1.0,1.0,10000,1.0
720575940869443690,np_module,exn,2,4,2.0248,2.0,10000,1.0
720575940869481691,np_module,exn,2,4,2.0301,2.0,10000,1.0
720575940869533454,ad-htmr,sensory,1,1,1.0,1.0,10000,1.0
720575940871589433,r,exn,2,4,2.1483,2.0,10000,1.0
720575940872856946,C-COLD,sensory,1,1,1.0,1.0,10000,1.0
720575940874972385,c-htmr-p,sensory,1,1,1.0,1.0,10000,1.0
720575940875116119,np_module,exn,2,4,2.018,2.0,10000,1.0
720575940875854397,r,exn,2,4,2.1489,2.0,10000,1.0
720575940875863357,p2_cold,pn,2,2,2.0,2.0,10000,1.0
720575940877146203,v2,exn,2,5,2.8269,3.0,10000,1.0
720575940877501751,np_module,exn,2,3,2.0044,2.0,10000,1.0
720575940877555511,r,exn,2,5,2.1601,2.0,10000,1.0
720575940878312571,adltmr_module,exn,2,4,2.0135,2.0,10000,1.0
720575940878325883,v1,exn,3,6,3.4007,3.0,10000,1.0
720575940878326395,v2,exn,2,5,2.6453,3.0,10000,1.0
720575940878916148,np_module,exn,2,4,2.0206,2.0,10000,1.0
720575940878947380,C-COLD,sensory,1,1,1.0,1.0,10000,1.0
720575940878955572,v1,exn,2,6,3.1959,3.0,10000,1.0
720575940878955828,v1,exn,3,5,3.0844,3.0,10000,1.0
720575940878956340,cltmr_module,exn,2,5,2.0405,2.0,10000,1.0
720575940878957108,v1,exn,3,3,3.0,3.0,10000,1.0
720575940878978356,cltmr_module,exn,2,2,2.0,2.0,10000,1.0
720575940879773686,p2_noci,pn,2,2,2.0,2.0,10000,1.0
720575940879973250,adltmr,sensory,1,1,1.0,1.0,10000,1.0
720575940880005762,v1,exn,2,5,3.2003,3.0,10000,1.0
720575940880372359,cltmr,sensory,1,1,1.0,1.0,10000,1.0
720575940880837650,v2,exn,2,5,2.9004,3.0,10000,1.0
720575940880839442,adltmr_module,exn,2,3,2.0087,2.0,10000,1.0
720575940880850833,p2_noci,pn,2,3,2.0264,2.0,10000,1.0
720575940880875929,cltmr_module,exn,2,4,2.0411,2.0,10000,1.0
720575940880896913,c-htmr-p,sensory,1,1,1.0,1.0,10000,1.0
720575940881127565,C-COLD,sensory,1,1,1.0,1.0,10000,1.0
720575940881567427,adltmr,sensory,1,1,1.0,1.0,10000,1.0
720575940881620931,cltmr_module,exn,2,2,2.0,2.0,10000,1.0
720575940881844049,p2_noci,pn,2,2,2.0,2.0,10000,1.0
720575940881869307,C-COLD,sensory,1,1,1.0,1.0,10000,1.0
720575940881918801,c-htmr-p,sensory,1,1,1.0,1.0,10000,1.0
720575940881936635,noci_module,exn,2,4,2.0172,2.0,10000,1.0
720575940881974650,p2_poly,pn,2,5,2.1903,2.0,10000,1.0
720575940882061434,sst,sensory,1,1,1.0,1.0,10000,1.0
720575940882077216,cltmr,sensory,1,1,1.0,1.0,10000,1.0
720575940882082080,ad-htmr,sensory,1,1,1.0,1.0,10000,1.0
720575940882103072,p2_cold,pn,2,4,2.0136,2.0,10000,1.0
720575940882128356,sst,sensory,1,1,1.0,1.0,10000,1.0
720575940882155492,sst,sensory,1,1,1.0,1.0,10000,1.0
720575940882520101,c-htmr-p,sensory,1,1,1.0,1.0,10000,1.0
720575940882649500,C-COLD,sensory,1,1,1.0,1.0,10000,1.0
720575940882650524,C-COLD,sensory,1,1,1.0,1.0,10000,1.0
720575940882672796,v2,exn,2,5,2.8086,3.0,10000,1.0
720575940883197911,cltmr_module,exn,2,2,2.0,2.0,10000,1.0
720575940883198167,p2_cold,pn,2,3,2.0011,2.0,10000,1.0
720575940883198679,v2,exn,2,6,2.8562,3.0,10000,1.0
720575940883201751,r,exn,2,2,2.0,2.0,10000,1.0
720575940883729656,adltmr_module,exn,2,2,2.0,2.0,10000,1.0
720575940883734520,C-COLD,sensory,1,1,1.0,1.0,10000,1.0
720575940883803384,np_module,exn,2,4,2.0856,2.0,10000,1.0
720575940883866908,sst,sensory,1,1,1.0,1.0,10000,1.0
720575940883900444,p2_poly,pn,2,2,2.0,2.0,10000,1.0
720575940884015788,p2_cold,pn,2,2,2.0,2.0,10000,1.0
720575940884031660,ad-htmr,sensory,1,1,1.0,1.0,10000,1.0
720575940884032172,ad-htmr,sensory,1,1,1.0,1.0,10000,1.0
720575940884051238,ad-htmr,sensory,1,1,1.0,1.0,10000,1.0
720575940884057772,r,exn,2,4,2.0315,2.0,10000,1.0
720575940884108031,sst,sensory,1,1,1.0,1.0,10000,1.0
720575940884728634,mrgd,sensory,1,1,1.0,1.0,10000,1.0
720575940884925028,r,exn,2,5,2.6726,3.0,10000,1.0
720575940884939979,p2_noci,pn,2,4,2.0592,2.0,10000,1.0
720575940884976331,sst,sensory,1,1,1.0,1.0,10000,1.0
720575940884977867,ad-htmr,sensory,1,1,1.0,1.0,10000,1.0
720575940885005156,adltmr_module,exn,2,2,2.0,2.0,10000,1.0
720575940885432678,v2,exn,2,5,2.8598,3.0,10000,1.0
720575940886290596,p2_poly,pn,2,4,2.3425,2.0,10000,1.0
720575940886574602,p1,pn,3,6,3.4228,3.0,10000,1.0
720575940886853257,adltmr_module,exn,2,2,2.0,2.0,10000,1.0
720575940886931959,cltmr,sensory,1,1,1.0,1.0,10000,1.0
720575940886964617,mrgd,sensory,1,1,1.0,1.0,10000,1.0
720575940887087578,cltmr,sensory,1,1,1.0,1.0,10000,1.0
720575940887090394,ad-htmr,sensory,1,1,1.0,1.0,10000,1.0
720575940887704904,adltmr,sensory,1,1,1.0,1.0,10000,1.0
720575940887705416,sst,sensory,1,1,1.0,1.0,10000,1.0
720575940888059760,c-htmr-p,sensory,1,1,1.0,1.0,10000,1.0
720575940888165967,adltmr_module,exn,2,2,2.0,2.0,10000,1.0
720575940888216655,v1,exn,3,6,3.1566,3.0,10000,1.0
720575940888561868,p1,pn,2,6,3.3893,3.0,10000,1.0
720575940888731665,p2_noci,pn,2,5,2.0999,2.0,10000,1.0
720575940888787983,adltmr,sensory,1,1,1.0,1.0,10000,1.0
720575940888793434,noci_module,exn,2,5,2.0558,2.0,10000,1.0
720575940888799761,r,exn,2,5,2.1238,2.0,10000,1.0
720575940888845329,v2,exn,3,5,3.0293,3.0,10000,1.0
720575940889215863,cltmr,sensory,1,1,1.0,1.0,10000,1.0
720575940889238903,cltmr_module,exn,2,4,2.0378,2.0,10000,1.0
720575940889728101,mrgd,sensory,1,1,1.0,1.0,10000,1.0
720575940889813349,v2,exn,2,6,3.4207,3.0,10000,1.0
720575940889924328,v2,exn,2,5,2.4596,2.0,10000,1.0
720575940889952699,p2_poly,pn,2,4,2.6466,3.0,10000,1.0
720575940889967848,p2_poly,pn,2,6,2.9854,3.0,10000,1.0
720575940890018996,p2_poly,pn,2,5,2.2162,2.0,10000,1.0
720575940890107704,v2,exn,2,6,2.7132,3.0,10000,1.0
720575940890108216,v2,exn,2,5,2.4577,2.0,10000,1.0
720575940890111288,v1,exn,2,5,3.0988,3.0,10000,1.0
720575940890134196,noci_module,exn,2,4,2.0827,2.0,10000,1.0
720575940890245126,cltmr_module,exn,2,4,2.0502,2.0,10000,1.0
720575940890704372,p2_poly,pn,3,4,3.05,3.0,10000,1.0
720575940890741967,C-COLD,sensory,1,1,1.0,1.0,10000,1.0
720575940890900801,adltmr_module,exn,2,2,2.0,2.0,10000,1.0
720575940890939713,p2_noci,pn,2,4,2.1545,2.0,10000,1.0
720575940890962241,r,exn,2,5,2.0635,2.0,10000,1.0
720575940891163574,cltmr,sensory,1,1,1.0,1.0,10000,1.0
720575940891164342,np_module,exn,2,4,2.0169,2.0,10000,1.0
720575940891181902,cltmr_module,exn,2,4,2.0153,2.0,10000,1.0
720575940891184310,v1,exn,2,6,3.3595,3.0,10000,1.0
720575940891185486,C-COLD,sensory,1,1,1.0,1.0,10000,1.0
720575940891185846,v1,exn,2,6,3.047,3.0,10000,1.0
720575940891518756,v2,exn,2,5,2.5029,2.0,10000,1.0
720575940891746215,ad-htmr,sensory,1,1,1.0,1.0,10000,1.0
720575940891751079,sst,sensory,1,1,1.0,1.0,10000,1.0
720575940891783079,v2,exn,2,5,2.6816,3.0,10000,1.0
720575940891783335,v1,exn,2,6,3.1352,3.0,10000,1.0
720575940892182782,c-htmr-p,sensory,1,1,1.0,1.0,10000,1.0
720575940892204542,v1,exn,3,6,3.162,3.0,10000,1.0
720575940892205566,v1,exn,2,6,2.5728,3.0,10000,1.0
720575940892250110,p1,pn,3,6,3.6087,4.0,10000,1.0
720575940892615796,mrgd,sensory,1,1,1.0,1.0,10000,1.0
720575940893122730,cltmr,sensory,1,1,1.0,1.0,10000,1.0
720575940893156522,v1,exn,2,6,3.0587,3.0,10000,1.0
720575940893177002,cltmr_module,exn,2,4,2.0362,2.0,10000,1.0
720575940893329739,p1,pn,3,6,3.4707,3.0,10000,1.0
720575940893344533,c-htmr-p,sensory,1,1,1.0,1.0,10000,1.0
720575940893386005,mrgd,sensory,1,1,1.0,1.0,10000,1.0
720575940893395733,np_module,exn,2,4,2.0216,2.0,10000,1.0
720575940893408011,cltmr,sensory,1,1,1.0,1.0,10000,1.0
720575940893774059,sst,sensory,1,1,1.0,1.0,10000,1.0
720575940893928949,C-COLD,sensory,1,1,1.0,1.0,10000,1.0
720575940893949822,ad-htmr,sensory,1,1,1.0,1.0,10000,1.0
720575940894116163,v2,exn,2,6,3.1974,3.0,10000,1.0
720575940894178664,np_module,exn,2,4,2.0085,2.0,10000,1.0
720575940894563284,p2_noci,pn,2,2,2.0,2.0,10000,1.0
720575940894642644,adltmr,sensory,1,1,1.0,1.0,10000,1.0
720575940894642900,adltmr,sensory,1,1,1.0,1.0,10000,1.0
720575940894647347,np_module,exn,2,4,2.0235,2.0,10000,1.0
720575940894647859,v2,exn,2,2,2.0,2.0,10000,1.0
720575940894662868,v2,exn,2,5,2.9706,3.0,10000,1.0
720575940894664201,p2_cold,pn,2,2,2.0,2.0,10000,1.0
720575940894664404,r,exn,2,5,2.2174,2.0,10000,1.0
720575940895196362,C-COLD,sensory,1,1,1.0,1.0,10000,1.0
720575940895267018,sst,sensory,1,1,1.0,1.0,10000,1.0
720575940895281326,p2_noci,pn,2,4,2.0402,2.0,10000,1.0
720575940895289006,adltmr_module,exn,2,3,2.0015,2.0,10000,1.0
720575940895353262,np_module,exn,2,4,2.0422,2.0,10000,1.0
720575940895711219,C-COLD,sensory,1,1,1.0,1.0,10000,1.0
720575940896304311,v2,exn,2,4,2.7889,3.0,10000,1.0
720575940896702138,p2_noci,pn,2,2,2.0,2.0,10000,1.0
720575940896732090,adltmr_module,exn,2,2,2.0,2.0,10000,1.0
720575940896736698,np_module,exn,2,5,2.0879,2.0,10000,1.0
720575940896872522,v1,exn,2,6,3.0833,3.0,10000,1.0
720575940897209813,adltmr,sensory,1,1,1.0,1.0,10000,1.0
720575940897347842,ad-htmr,sensory,1,1,1.0,1.0,10000,1.0
720575940897454998,v2,exn,2,5,2.7289,3.0,10000,1.0
720575940897460886,np_module,exn,2,5,2.0495,2.0,10000,1.0
720575940898432765,p2_noci,pn,2,4,2.0476,2.0,10000,1.0
720575940898677394,p2_cold,pn,2,3,2.0115,2.0,10000,1.0
720575940898821041,p2_noci,pn,2,3,2.03,2.0,10000,1.0
720575940898861305,C-COLD,sensory,1,1,1.0,1.0,10000,1.0
720575940898916857,v2,exn,2,5,2.5774,3.0,10000,1.0
720575940899153235,np_module,exn,2,3,2.0017,2.0,10000,1.0
720575940899184211,C-COLD,sensory,1,1,1.0,1.0,10000,1.0
720575940899256770,mrgd,sensory,1,1,1.0,1.0,10000,1.0
720575940899281090,cltmr_module,exn,2,4,2.0347,2.0,10000,1.0
720575940899282056,noci_module,exn,2,4,2.0474,2.0,10000,1.0
720575940899283650,cltmr_module,exn,2,4,2.0382,2.0,10000,1.0
720575940899291016,v1,exn,3,6,3.091,3.0,10000,1.0
720575940899353473,adltmr,sensory,1,1,1.0,1.0,10000,1.0
720575940899432749,v1,exn,3,6,3.3661,3.0,10000,1.0
720575940899433005,v1,exn,3,6,3.3249,3.0,10000,1.0
720575940899433261,v1,exn,2,6,3.1052,3.0,10000,1.0
720575940899433517,v1,exn,2,6,3.066,3.0,10000,1.0
720575940899433773,v1,exn,3,5,3.1546,3.0,10000,1.0
720575940899434029,v1,exn,3,6,3.1893,3.0,10000,1.0
720575940899779727,p2_poly,pn,2,2,2.0,2.0,10000,1.0
720575940900033476,v1,exn,2,6,2.8578,3.0,10000,1.0
720575940900233186,sst,sensory,1,1,1.0,1.0,10000,1.0
720575940900234978,sst,sensory,1,1,1.0,1.0,10000,1.0
720575940900244450,C-COLD,sensory,1,1,1.0,1.0,10000,1.0
720575940900287353,adltmr,sensory,1,1,1.0,1.0,10000,1.0
720575940900956101,cltmr_module,exn,2,4,2.0554,2.0,10000,1.0
720575940900963269,v2,exn,2,4,2.0819,2.0,10000,1.0
720575940901384751,cltmr_module,exn,2,5,2.0325,2.0,10000,1.0
720575940901717479,p2_cold,pn,2,2,2.0,2.0,10000,1.0
720575940901960430,mrgd,sensory,1,1,1.0,1.0,10000,1.0
720575940901971694,c-htmr-p,sensory,1,1,1.0,1.0,10000,1.0
720575940901994222,C-COLD,sensory,1,1,1.0,1.0,10000,1.0
720575940902302721,C-COLD,sensory,1,1,1.0,1.0,10000,1.0
720575940902401208,p2_noci,pn,2,2,2.0,2.0,10000,1.0
720575940902518994,p2_noci,pn,2,5,2.2285,2.0,10000,1.0
720575940902618322,C-COLD,sensory,1,1,1.0,1.0,10000,1.0
720575940902629074,r,exn,2,4,2.0751,2.0,10000,1.0
720575940902634194,v2,exn,2,4,2.332,2.0,10000,1.0
720575940902671774,cltmr,sensory,1,1,1.0,1.0,10000,1.0
720575940902680734,ad-htmr,sensory,1,1,1.0,1.0,10000,1.0
720575940902703006,cltmr_module,exn,2,4,2.0519,2.0,10000,1.0
720575940903122154,ad-htmr,sensory,1,1,1.0,1.0,10000,1.0
720575940903188925,r,exn,2,5,2.2502,2.0,10000,1.0
720575940903370509,np_module,exn,2,2,2.0,2.0,10000,1.0
720575940903414541,v2,exn,2,5,2.8304,3.0,10000,1.0
720575940903415565,r,exn,2,5,2.2456,2.0,10000,1.0
720575940903679779,np_module,exn,2,4,2.0031,2.0,10000,1.0
720575940903706403,adltmr,sensory,1,1,1.0,1.0,10000,1.0
720575940903751971,v2,exn,2,5,2.9125,3.0,10000,1.0
720575940904086480,np_module,exn,2,3,2.0096,2.0,10000,1.0
720575940905041878,v2,exn,3,6,3.2979,3.0,10000,1.0
720575940905042134,v2,exn,3,5,3.03,3.0,10000,1.0
720575940905042902,r,exn,2,5,2.2306,2.0,10000,1.0
720575940905043670,r,exn,2,4,2.1724,2.0,10000,1.0
720575940905043926,r,exn,2,5,2.1639,2.0,10000,1.0
720575940905050934,p2_poly,pn,2,5,2.2934,2.0,10000,1.0
720575940905061686,np_module,exn,2,2,2.0,2.0,10000,1.0
720575940905081398,sst,sensory,1,1,1.0,1.0,10000,1.0
720575940905365705,c-htmr-p,sensory,1,1,1.0,1.0,10000,1.0
720575940906210525,cltmr_module,exn,2,3,2.0222,2.0,10000,1.0
720575940907584340,adltmr_module,exn,2,2,2.0,2.0,10000,1.0
720575940908386564,np_module,exn,2,2,2.0,2.0,10000,1.0
720575940908781145,cltmr_module,exn,2,4,2.0291,2.0,10000,1.0
720575940908782425,r,exn,2,4,2.1799,2.0,10000,1.0
720575940909235164,adltmr,sensory,1,1,1.0,1.0,10000,1.0
720575940909392923,c-htmr-p,sensory,1,1,1.0,1.0,10000,1.0
720575940909393947,np_module,exn,2,2,2.0,2.0,10000,1.0
720575940909430811,noci_module,exn,2,4,2.0661,2.0,10000,1.0
720575940909443355,cltmr_module,exn,2,2,2.0,2.0,10000,1.0
720575940909767128,adltmr,sensory,1,1,1.0,1.0,10000,1.0
720575940909767384,adltmr,sensory,1,1,1.0,1.0,10000,1.0
720575940909769176,np_module,exn,2,3,2.0066,2.0,10000,1.0
720575940909797811,v1,exn,2,6,3.2379,3.0,10000,1.0
720575940909802419,p2_poly,pn,2,4,2.1404,2.0,10000,1.0
720575940910295881,r,exn,2,2,2.0,2.0,10000,1.0
720575940910624444,cltmr,sensory,1,1,1.0,1.0,10000,1.0
720575940910952353,c-htmr-p,sensory,1,1,1.0,1.0,10000,1.0
720575940911411305,mrgd,sensory,1,1,1.0,1.0,10000,1.0
720575940911489471,sst,sensory,1,1,1.0,1.0,10000,1.0
720575940912535686,np_module,exn,2,3,2.0029,2.0,10000,1.0
720575940912591238,ad-htmr,sensory,1,1,1.0,1.0,10000,1.0
720575940912929024,cltmr_module,exn,2,4,2.0177,2.0,10000,1.0
720575940913491825,p2_poly,pn,2,5,2.3861,2.0,10000,1.0
720575940913511793,adltmr,sensory,1,1,1.0,1.0,10000,1.0
720575940913573871,v2,exn,3,4,3.0027,3.0,10000,1.0
720575940914014910,p2_poly,pn,2,4,2.7239,3.0,10000,1.0
720575940914869232,cltmr,sensory,1,1,1.0,1.0,10000,1.0
720575940914883824,np_module,exn,2,2,2.0,2.0,10000,1.0
720575940915217983,mrgd,sensory,1,1,1.0,1.0,10000,1.0
720575940915253823,v2,exn,2,5,2.7315,3.0,10000,1.0
720575940915256127,v2,exn,2,4,2.0862,2.0,10000,1.0
720575940915281053,C-COLD,sensory,1,1,1.0,1.0,10000,1.0
720575940915531157,mrgd,sensory,1,1,1.0,1.0,10000,1.0
720575940915578005,v1,exn,2,6,3.2816,3.0,10000,1.0
720575940915676096,p2_noci,pn,2,4,2.0386,2.0,10000,1.0
720575940915684544,mrgd,sensory,1,1,1.0,1.0,10000,1.0
720575940915967584,mrgd,sensory,1,1,1.0,1.0,10000,1.0
720575940916016480,np_module,exn,2,4,2.0678,2.0,10000,1.0
720575940916233731,c-htmr-p,sensory,1,1,1.0,1.0,10000,1.0
720575940916299357,v2,exn,3,4,3.0197,3.0,10000,1.0
720575940917098044,p2_poly,pn,2,4,2.1092,2.0,10000,1.0
720575940917422227,adltmr_module,exn,2,2,2.0,2.0,10000,1.0
720575940917429907,noci_module,exn,2,5,2.0511,2.0,10000,1.0
720575940917852811,r,exn,2,5,2.2173,2.0,10000,1.0
720575940917975893,v1,exn,2,6,3.1925,3.0,10000,1.0
720575940917989973,ad-htmr,sensory,1,1,1.0,1.0,10000,1.0
720575940918288693,c-htmr-p,sensory,1,1,1.0,1.0,10000,1.0
720575940918311989,p2_poly,pn,2,5,2.2066,2.0,10000,1.0
720575940918316341,cltmr_module,exn,2,4,2.0383,2.0,10000,1.0
720575940918750769,np_module,exn,2,4,2.0385,2.0,10000,1.0
720575940918770481,cltmr,sensory,1,1,1.0,1.0,10000,1.0
720575940918775345,sst,sensory,1,1,1.0,1.0,10000,1.0
720575940918815793,v1,exn,2,6,3.3847,3.0,10000,1.0
720575940918990151,cltmr,sensory,1,1,1.0,1.0,10000,1.0
720575940919045143,ad-htmr,sensory,1,1,1.0,1.0,10000,1.0
720575940919071815,noci_module,exn,2,3,2.0053,2.0,10000,1.0
720575940919600645,adltmr,sensory,1,1,1.0,1.0,10000,1.0
720575940919632133,v1,exn,2,5,2.8503,3.0,10000,1.0
720575940920027261,v1,exn,2,6,3.1044,3.0,10000,1.0
720575940920037245,v1,exn,2,5,2.9381,3.0,10000,1.0
720575940920054001,v2,exn,2,5,2.6943,3.0,10000,1.0
720575940920062581,sst,sensory,1,1,1.0,1.0,10000,1.0
720575940920080765,r,exn,2,2,2.0,2.0,10000,1.0
720575940920456848,r,exn,2,2,2.0,2.0,10000,1.0
720575940920833705,mrgd,sensory,1,1,1.0,1.0,10000,1.0
720575940920881320,v1,exn,2,6,3.0862,3.0,10000,1.0
720575940920932008,noci_module,exn,2,4,2.0187,2.0,10000,1.0
720575940921478163,p1,pn,3,6,3.4742,3.0,10000,1.0
720575940921525267,v2,exn,2,5,2.9541,3.0,10000,1.0
720575940921583379,r,exn,2,5,2.2173,2.0,10000,1.0
720575940921986112,mrgd,sensory,1,1,1.0,1.0,10000,1.0
720575940922709290,np_module,exn,2,4,2.02,2.0,10000,1.0
720575940922765354,ad-htmr,sensory,1,1,1.0,1.0,10000,1.0
720575940922795818,v1,exn,2,8,3.1503,3.0,10000,1.0
720575940922814762,cltmr_module,exn,2,4,2.0509,2.0,10000,1.0
720575940922949405,noci_module,exn,2,4,2.0699,2.0,10000,1.0
720575940922957341,v2,exn,2,5,2.7493,3.0,10000,1.0
720575940923272236,v2,exn,2,5,2.1938,2.0,10000,1.0
720575940924156549,ad-htmr,sensory,1,1,1.0,1.0,10000,1.0
720575940924182661,cltmr_module,exn,2,2,2.0,2.0,10000,1.0
720575940924436802,ad-htmr,sensory,1,1,1.0,1.0,10000,1.0
720575940925744198,c-htmr-p,sensory,1,1,1.0,1.0,10000,1.0
720575940925790278,p2_cold,pn,2,2,2.0,2.0,10000,1.0
720575940926242958,v2,exn,2,5,2.1131,2.0,10000,1.0
720575940927109144,np_module,exn,2,4,2.0217,2.0,10000,1.0
720575940927175960,C-COLD,sensory,1,1,1.0,1.0,10000,1.0
720575940927184920,v1,exn,2,5,2.9286,3.0,10000,1.0
720575940927208416,mrgd,sensory,1,1,1.0,1.0,10000,1.0
720575940927215328,cltmr,sensory,1,1,1.0,1.0,10000,1.0
720575940927216096,sst,sensory,1,1,1.0,1.0,10000,1.0
720575940927244256,v1,exn,2,6,3.1006,3.0,10000,1.0
720575940927244512,v1,exn,2,6,3.3469,3.0,10000,1.0
720575940927244768,v1,exn,2,6,3.1309,3.0,10000,1.0
720575940927248352,adltmr_module,exn,2,2,2.0,2.0,10000,1.0
720575940927263052,c-htmr-p,sensory,1,1,1.0,1.0,10000,1.0
720575940927275084,C-COLD,sensory,1,1,1.0,1.0,10000,1.0
720575940927796016,p2_cold,pn,2,2,2.0,2.0,10000,1.0
720575940928343548,r,exn,2,5,2.1365,2.0,10000,1.0
720575940929691425,c-htmr-p,sensory,1,1,1.0,1.0,10000,1.0
720575940930825549,p2_poly,pn,2,2,2.0,2.0,10000,1.0
720575940930873976,sst,sensory,1,1,1.0,1.0,10000,1.0
720575940932846484,v1,exn,3,5,3.151,3.0,10000,1.0
720575940935668092,c-htmr-p,sensory,1,1,1.0,1.0,10000,1.0
720575940937231134,C-COLD,sensory,1,1,1.0,1.0,10000,1.0
720575940937848237,cltmr_module,exn,2,2,2.0,2.0,10000,1.0
720575940937856941,v1,exn,2,6,3.1884,3.0,10000,1.0
720575940937857965,r,exn,2,4,2.1748,2.0,10000,1.0
720575940937862061,adltmr_module,exn,2,2,2.0,2.0,10000,1.0
720575940937894317,v1,exn,2,6,3.0405,3.0,10000,1.0
720575940939715909,v2,exn,2,5,2.5369,3.0,10000,1.0
720575940940380075,cltmr_module,exn,2,4,2.0702,2.0,10000,1.0
720575940940896383,adltmr,sensory,1,1,1.0,1.0,10000,1.0
720575940941089388,mrgd,sensory,1,1,1.0,1.0,10000,1.0
720575940941106028,noci_module,exn,2,4,2.0455,2.0,10000,1.0
720575940941124460,adltmr_module,exn,2,2,2.0,2.0,10000,1.0
720575940941563158,ad-htmr,sensory,1,1,1.0,1.0,10000,1.0
720575940946223236,r,exn,2,2,2.0,2.0,10000,1.0
720575940948987670,adltmr_module,exn,2,2,2.0,2.0,10000,1.0
720575940955315288,adltmr,sensory,1,1,1.0,1.0,10000,1.0
720575940963340820,p2_noci,pn,2,5,2.7934,3.0,10000,1.0
720575940964330406,c-htmr-p,sensory,1,1,1.0,1.0,10000,1.0
720575940964370854,p1,pn,2,7,3.6136,4.0,10000,1.0
