neuron_id,cell_type,cluster_combined,__sort_group__
720575940917429907,"c1, pep",1.0,0
720575940937221662,u,1.0,0
720575940890134196,u,1.0,0
720575940888793434,u,1.0,0
720575940899282056,"c1, pep",1.0,0
720575940922949405,"c1, pep",1.0,0
720575940889249143,u,1.0,0
720575940920044149,u,1.0,0
720575940941106028,c1,1.0,0
720575940881936635,u,1.0,0
720575940903679779,c1,0.0,1
720575940918750769,c1,0.0,1
720575940878916148,c1,0.0,1
720575940881935355,u,0.0,1
720575940894178664,c1,0.0,1
720575940909769176,c1,0.0,1
720575940897460886,u,0.0,1
720575940895353262,c2,0.0,1
720575940881607875,c1,0.0,1
720575940891164342,c1,0.0,1
720575940875116119,c1,0.0,1
720575940912535686,c1,0.0,1
720575940893395733,u,0.0,1
720575940916016480,u,0.0,1
720575940908386564,c1,0.0,1
720575940905061686,c1,0.0,1
720575940896736698,u,0.0,1
720575940922709290,c1,0.0,1
720575940927109144,u,0.0,1
720575940877501751,c1,0.0,1
720575940894647347,c1,0.0,1
720575940869443690,u,0.0,1
720575940914883824,c1,0.0,1
720575940903370509,u,0.0,1
720575940909393947,c1,0.0,1
720575940899153235,c1,0.0,1
720575940904086480,c1,0.0,1
720575940883901724,c2,3.0,2
720575940881620931,c2,3.0,2
720575940883197911,c2,3.0,2
720575940870686550,c2,3.0,2
720575940899281090,c3,3.0,2
720575940924182661,c2,3.0,2
720575940901384751,c3,3.0,2
720575940899283650,c3,3.0,2
720575940890245126,c2,3.0,2
720575940878956340,c2,3.0,2
720575940930905464,c2,3.0,2
720575940940380075,c2,3.0,2
720575940912929024,c2,3.0,2
720575940908781145,c2,3.0,2
720575940891181902,c2,3.0,2
720575940937848237,c1,3.0,2
720575940902703006,c2,3.0,2
720575940917780131,c3,3.0,2
720575940880875929,c3,3.0,2
720575940891183798,c2,3.0,2
720575940906113851,c2,3.0,2
720575940918316341,c3,3.0,2
720575940889238903,c3,3.0,2
720575940900956101,c2,3.0,2
720575940886853257,c4,2.0,3
720575940941124460,c4,2.0,3
720575940890900801,c4,2.0,3
720575940902624978,c4,2.0,3
720575940937862061,c4,2.0,3
720575940948987670,c4,2.0,3
720575940883729656,c4,2.0,3
720575940917422227,c4,2.0,3
720575940927248352,c4,2.0,3
720575940880839442,u,2.0,3
720575940888165967,c4,2.0,3
720575940907584340,c4,2.0,3
720575940878312571,c4,2.0,3
720575940895289006,c4,2.0,3
720575940896732090,c4,2.0,3
720575940905043670,r,,4
720575940877555511,r,,4
720575940937857965,r,,4
720575940890962241,r,,4
720575940917852811,r,,4
720575940903188925,r,,4
720575940920456848,r,,4
720575940946223236,r,,4
720575940882117920,r,,4
720575940910295881,r,,4
720575940888793178,r,,4
720575940908782425,r,,4
720575940875854397,r,,4
720575940905042902,r,,4
720575940884057772,r,,4
720575940903415565,r,,4
720575940883201751,r,,4
720575940894664404,r,,4
720575940881055666,r,,4
720575940905043926,r,,4
720575940928343548,r,,4
720575940888799761,r,,4
720575940902629074,r,,4
720575940878955572,v_manual,,5
720575940891783079,v_manual,,5
720575940915578005,v_manual,,5
720575940891185846,v_auto,,5
720575940882672796,v_manual,,5
720575940861447666,v_manual,,5
720575940909797811,v_manual,,5
720575940884925028,v_manual,,5
720575940902634194,v_manual,,5
720575940889924328,v_auto,,5
720575940894662868,v_manual,,5
720575940920027261,v_manual,,5
720575940923272236,v_manual,,5
720575940899432749,v_manual,,5
720575940880837650,v_auto,,5
720575940878325883,v_manual,,5
720575940885432678,v_manual,,5
720575940891783335,v_manual,,5
720575940905041878,v_auto,,5
720575940877146203,v_manual,,5
720575940927244512,v_manual,,5
720575940894116163,v_auto,,5
720575940900033476,v_auto,,5
720575940882160356,v_manual,,5
720575940932846484,v_manual,,5
720575940927244256,v_manual,,5
720575940905042134,v_auto,,5
720575940900963269,v_auto,,5
720575940897454998,v_manual,,5
720575940915253823,v_manual,,5
720575940939715909,v_manual,,5
720575940891518756,v_manual,,5
720575940893156522,v_manual,,5
720575940920037245,v_auto,,5
720575940937856941,v_manual,,5
720575940922957341,v_auto,,5
720575940891184310,v_auto,,5
720575940903751971,v_auto,,5
720575940881935185,v_auto,,5
720575940913573871,v_manual,,5
720575940919632133,v_auto,,5
720575940894647859,v_auto,,5
720575940892205566,v_auto,,5
720575940920054001,v_manual,,5
720575940916299357,v_manual,,5
720575940927244768,v_manual,,5
720575940878957108,v_auto,,5
720575940859648663,v_manual,,5
720575940917975893,v_manual,,5
720575940890107704,v_manual,,5
720575940892204542,v_manual,,5
720575940899434029,v_manual,,5
720575940865467295,v_manual,,5
720575940920881320,v_auto,,5
720575940899433005,v_manual,,5
720575940878955828,v_manual,,5
720575940890108216,v_manual,,5
720575940918815793,v_manual,,5
720575940922795818,v_manual,,5
720575940915256127,v_auto,,5
720575940886540578,v_manual,,5
720575940883198679,v_manual,,5
720575940917531755,v_auto,,5
720575940903414541,v_auto,,5
720575940927184920,v_manual,,5
720575940910607129,v_auto,,5
720575940899291016,v_manual,,5
720575940896872522,v_manual,,5
720575940880005762,v_manual,,5
720575940878326395,v_auto,,5
720575940890111288,v_manual,,5
720575940899433773,v_manual,,5
720575940899433261,v_manual,,5
720575940917853067,v_auto,,5
720575940888216655,v_manual,,5
720575940921525267,v_manual,,5
720575940899433517,v_manual,,5
720575940881936465,v_manual,,5
