,720575940847552365,720575940851372659,720575940851375219,720575940861406706,720575940861407986,720575940862185831,720575940862564127,720575940864403212,720575940864403724,720575940868496536,720575940868757741,720575940869533454,720575940869534222,720575940871491897,720575940872856946,720575940874972385,720575940878947380,720575940879810013,720575940879973250,720575940880372359,720575940880896913,720575940881127565,720575940881272414,720575940881567427,720575940881869307,720575940881918801,720575940881926778,720575940882061434,720575940882077216,720575940882082080,720575940882128356,720575940882155492,720575940882520101,720575940882649500,720575940882650524,720575940883734520,720575940883866908,720575940884031660,720575940884032172,720575940884051238,720575940884108031,720575940884728634,720575940884949941,720575940884976331,720575940884977867,720575940886458045,720575940886931959,720575940887087578,720575940887090394,720575940887704904,720575940887705416,720575940888059760,720575940888787983,720575940889166262,720575940889215863,720575940889728101,720575940889794145,720575940890741967,720575940890743247,720575940891163574,720575940891185486,720575940891746215,720575940891751079,720575940892182782,720575940892205986,720575940892615796,720575940893122730,720575940893344533,720575940893386005,720575940893392149,720575940893408011,720575940893774059,720575940893873415,720575940893928949,720575940893949822,720575940894642644,720575940894642900,720575940895196362,720575940895267018,720575940895711219,720575940897114128,720575940897347842,720575940898835143,720575940898861305,720575940899184211,720575940899256770,720575940899353473,720575940900233186,720575940900234978,720575940900244450,720575940900287353,720575940901960430,720575940901971694,720575940901994222,720575940902302721,720575940902363320,720575940902618322,720575940902671774,720575940902680734,720575940903122154,720575940903706403,720575940904258003,720575940905014486,720575940905014742,720575940905081398,720575940905365705,720575940905375945,720575940906283251,720575940908359172,720575940909235164,720575940909392923,720575940909767128,720575940909767384,720575940910624444,720575940910952353,720575940911411305,720575940911489471,720575940912591238,720575940913511793,720575940914869232,720575940915217983,720575940915281053,720575940915531157,720575940915684544,720575940915967584,720575940916233731,720575940917637910,720575940918288693,720575940918770481,720575940918775345,720575940918990151,720575940919045143,720575940919600645,720575940920062581,720575940920833705,720575940921986112,720575940921992256,720575940922765354,720575940922958792,720575940924156549,720575940924436802,720575940925744198,720575940927175960,720575940927208416,720575940927215328,720575940927216096,720575940927263052,720575940927275084,720575940929691425,720575940930873976,720575940932756628,720575940933768470,720575940935668092,720575940936679190,720575940937231134,720575940940896383,720575940940902015,720575940941089388,720575940941563158,720575940946141316,720575940964330406
720575940868783341,0.0,0.0,0.0,0.0,0.0,0.0,0.0,0.0,0.005357668291326,0.0,0.0,0.0,0.0,0.0,0.0,0.0,0.0,0.0,0.0,0.0,0.0,0.0,0.0,0.0,0.0,0.0,0.0,0.0,0.0,0.0,0.0,0.0,0.0,0.0,0.0,0.0,0.0,0.0,0.0,0.0,0.0,0.0,0.0,0.0,0.0,0.0,0.0,0.0,0.0,0.0,0.0,0.0,0.0,0.0,0.0,0.002887495333590979,0.0,0.0,0.0,0.0,0.0,0.0,0.0,0.0,0.0,0.0011918738967382028,0.0,0.0,0.0020507676850930064,0.0,0.0,0.0,0.0,0.0,0.0,0.0,0.0,0.0,0.0,0.0,0.0,0.0,0.0,0.0,0.0,0.002225200735821962,0.0,0.0,0.0,0.0,0.0,0.00530288453095275,0.0,0.0,0.0,0.0,0.0,0.0,0.0,0.0,0.0,0.0,0.0,0.0,0.0,0.0,0.0,0.0,0.0,0.0,0.0,0.0,0.0,0.0,0.0,0.0,0.0,0.0,0.0,0.0,0.0021158768609799085,0.0,0.0,0.0008246508599992305,0.0014149968603554411,0.0,0.0,0.0,0.0,0.0,0.0,0.0,0.0,0.0,0.0010106828479658828,0.003941425324207616,0.0,0.0,0.0,0.0,0.0,0.0,0.0,0.004135199974456043,0.0,0.0,0.0,0.0,0.0,0.0,0.0,0.0,0.0,0.0,0.0,0.0,0.0,0.0013821576009240355,0.0,0.0,0.0
720575940877168648,0.0,0.0,0.0,0.0,0.0,0.0,0.0,0.0,0.0014809329899754654,0.0,0.0,0.0,0.0,0.0,0.0,0.0,0.0,0.0,0.0,0.0,0.0,0.0,0.0,0.0,0.0,0.0,0.0,0.0,0.0,0.0,0.0,0.0,0.0,0.0,0.0,0.0,0.0,0.0,0.0,0.0,0.0,0.0010903235213622269,0.0,0.0,0.0,0.0,0.0,0.0,0.0,0.0,0.0,0.0,0.0,0.0,0.0,0.0006285190103732864,0.0,0.0,0.0,0.0,0.0,0.0,0.0,0.0,0.0,0.0,0.0,0.0,0.0,0.0,0.0,0.0,0.0,0.0,0.0,0.0,0.0,0.0,0.0,0.0,0.0,0.0,0.0,0.0,0.0,0.000592566850786293,0.0,0.0,0.0,0.0,0.0,0.000593611667111543,0.0,0.0,0.0,0.0,0.0,0.0,0.0,0.0,0.0,0.0,0.0,0.0,0.0,0.0,0.0,0.0,0.0,0.0,0.0,0.0,0.0,0.0,0.0,0.0,0.0,0.0,0.0,0.0,0.0008490039489491446,0.0,0.003988152634258566,0.002934743118776296,0.0005476633776052469,0.0,0.0,0.0,0.0,0.0,0.0,0.0,0.0,0.0,0.0,0.0,0.0010892716193832775,0.0,0.0,0.0,0.0,0.0,0.0,0.0008752520909824968,0.0,0.0,0.0,0.0,0.0,0.0,0.0,0.0,0.0,0.0,0.0,0.0,0.0,0.00124082448449072,0.0,0.0,0.0
720575940893449483,0.0,0.0,0.0,0.0,0.0,0.0,0.0,0.0034026462352550408,0.0,0.0,0.0,0.0,0.0,0.0,0.0,0.0,0.0,0.0,0.0,0.0,0.0,0.0,0.0,0.0,0.0,0.0,0.0,0.0,0.0,0.0,0.0,0.0,0.0,0.0,0.0,0.0,0.0,0.0,0.0,0.0,0.0,0.0,0.0,0.0,0.0,0.0,0.0,0.0,0.0,0.0,0.0,0.0,0.0,0.0,0.0,0.0,0.0,0.0,0.0,0.0,0.0,0.0,0.0,0.0,0.0,0.0,0.0,0.0,0.0,0.0,0.0,0.0,0.0,0.0,0.0,0.0,0.0,0.0,0.0,0.0,0.0,0.0,0.0,0.0,0.0,0.0,0.0,0.0,0.0,0.0,0.0,0.005066106765950741,0.0,0.0,0.0,0.0,0.0,0.0,0.0,0.0,0.0,0.0,0.0,0.0,0.0,0.0,0.0,0.0,0.0,0.0,0.0,0.0,0.0,0.0,0.0,0.003466876575411553,0.0,0.0,0.0,0.0,0.0,0.0,0.0,0.0,0.0008814894898134965,0.0,0.0,0.0,0.0,0.0,0.0,0.0,0.0,0.0,0.0019252641805393381,0.0,0.0010347348582102978,0.0,0.0,0.0,0.0,0.0,0.0,0.0,0.0,0.0,0.0,0.0,0.0,0.0,0.0,0.0,0.0,0.0,0.0,0.0,0.0,0.0006698096439305062,0.0,0.0,0.0
720575940905401289,0.0,0.0,0.0,0.0,0.0,0.0,0.0,0.0,0.0018207821168490458,0.0,0.0,0.0,0.0,0.0,0.0,0.0,0.0,0.0,0.0,0.0,0.0,0.0,0.0,0.0,0.0,0.0,0.0,0.0,0.0,0.0,0.0,0.0,0.0,0.0,0.0,0.0,0.0,0.0,0.0,0.0,0.0,0.0,0.0,0.0,0.0,0.0,0.0,0.0,0.0,0.0,0.0,0.0,0.0,0.0,0.0,0.0,0.0,0.0,0.0,0.0,0.0,0.0,0.0,0.0,0.0,0.002307919062515522,0.0,0.0,0.001784628250192631,0.0,0.0,0.0,0.0,0.0,0.0,0.0,0.0,0.0,0.0,0.0,0.0,0.0,0.0,0.0,0.0,0.0006296747240415259,0.0,0.0,0.0,0.0,0.0,0.0,0.0,0.0,0.0,0.0,0.0,0.0,0.0,0.0,0.0,0.0,0.0,0.0,0.0,0.0,0.0,0.0,0.0,0.0,0.0,0.0,0.0,0.0,0.0,0.0,0.0,0.0,0.0,0.0,0.0006897123153169489,0.0,0.0,0.0015368600286424913,0.0,0.0,0.0,0.0,0.0,0.0,0.0,0.0,0.0,0.0,0.004024129954834252,0.0,0.0,0.0,0.0,0.0,0.0,0.0,0.0,0.0,0.0,0.0,0.0,0.0,0.0,0.0,0.0,0.0,0.0,0.0,0.0,0.0,0.0,0.0009018165168353386,0.0,0.0,0.0
720575940919043399,0.0,0.0,0.0,0.0,0.0,0.0,0.0,0.0,0.0018106375827090194,0.0,0.0,0.0,0.0,0.0,0.0,0.0,0.0,0.0,0.0,0.0,0.0,0.0,0.0,0.0,0.0,0.0,0.0,0.0,0.0,0.0,0.0,0.0,0.0,0.0,0.0,0.0,0.0,0.0,0.0,0.0,0.0,0.0018188308034682162,0.0,0.0,0.0,0.0,0.0,0.0,0.0,0.0,0.0,0.0,0.0,0.0,0.0,0.0023238716014137447,0.0,0.0,0.0,0.0,0.0,0.0,0.0,0.0,0.0,0.0018317717662203483,0.0,0.0,0.0015960659782711737,0.0,0.0,0.0,0.0,0.0,0.0,0.0,0.0,0.0,0.0,0.0,0.0,0.0,0.0,0.0,0.0,0.001284981822303409,0.0,0.0,0.0,0.0,0.0,0.0010015125694108928,0.0,0.0,0.0,0.0,0.0,0.0,0.0,0.0,0.0,0.0,0.0,0.0,0.0,0.0,0.0,0.0,0.0,0.0,0.0,0.0,0.0,0.0,0.0,0.0,0.0,0.0,0.0,0.0,0.0009539755306573792,0.0,0.004717184037741699,0.0006304788370570199,0.0,0.0,0.0,0.0,0.0,0.0,0.0,0.0,0.0,0.0,0.001334164168059022,0.0008608030855672535,0.0,0.0,0.0,0.0,0.0,0.0,0.0,0.0,0.0,0.0,0.0,0.0,0.0,0.0,0.0,0.0,0.0,0.0,0.0,0.0,0.0,0.0006584207691204473,0.0,0.0,0.0
720575940937876909,0.0,0.0,0.0,0.0,0.0,0.0,0.0,0.002203603637205581,0.0,0.0,0.0,0.0,0.0,0.0,0.0,0.0,0.0,0.0,0.0,0.0,0.0,0.0,0.0,0.0,0.0,0.0,0.0,0.0,0.0,0.0,0.0,0.0,0.0,0.0,0.0,0.0,0.0,0.0,0.0,0.0,0.0,0.0,0.0,0.0,0.0,0.0,0.0,0.0,0.0,0.0,0.0,0.0,0.0,0.0,0.0,0.0,0.0,0.0,0.0,0.0,0.0,0.0,0.0,0.0,0.0,0.0,0.0,0.0,0.004245024765177329,0.0,0.0,0.0,0.0,0.0,0.0,0.0,0.0,0.0,0.0,0.0,0.0,0.0,0.0,0.0,0.0,0.0024754117495318024,0.0,0.0,0.0,0.0,0.0,0.0,0.0,0.0,0.0,0.0,0.0,0.0,0.0,0.0,0.0,0.0,0.0,0.0,0.0,0.0,0.0,0.0,0.0,0.0,0.0,0.0,0.0,0.0,0.0,0.0,0.0,0.0,0.0,0.0,0.0,0.0,0.004037562738173303,0.001966701480265698,0.0020444233973024397,0.0,0.0,0.0,0.0,0.0,0.0,0.0,0.0,0.0,0.0012571412316233265,0.0025983237672925854,0.0,0.0,0.0,0.0,0.0,0.0,0.0,0.0,0.0,0.0,0.0,0.0,0.0,0.0,0.0,0.0,0.0,0.0,0.0,0.0,0.0,0.0007283786110097109,0.0,0.0,0.0
720575940870691926,0.0,0.0,0.0,0.0,0.0,0.0,0.0,0.0,0.0,0.0,0.0,0.0,0.0,0.0,0.0,0.0,0.0,0.0,0.0,0.002582965033837959,0.0,0.0,0.0,0.0,0.0,0.0,0.0,0.0,0.0,0.0,0.0,0.0,0.0,0.0,0.0,0.0,0.0,0.0,0.0,0.0,0.0,0.0015982239819108664,0.0,0.0,0.0,0.0,0.0015358503141116456,0.0,0.0,0.0,0.0,0.0,0.0,0.0,0.0,0.0,0.0,0.0,0.0,0.0,0.0,0.0,0.0,0.0,0.0,0.0,0.002560925147662987,0.0,0.0,0.0,0.000841375680975085,0.0,0.0,0.0,0.0,0.0,0.0,0.0,0.0,0.0,0.0,0.0,0.0,0.0,0.0,0.0,0.0,0.0,0.0,0.0,0.0,0.001719203638742639,0.0,0.0,0.0,0.0,0.0,0.0020424172148255765,0.0,0.0,0.0,0.0,0.0,0.0,0.0,0.0,0.0,0.0,0.0,0.0,0.0,0.0,0.0,0.0,0.0,0.0,0.0,0.0,0.0,0.001616745975439902,0.0,0.0,0.0,0.0,0.0,0.0,0.0,0.0,0.0,0.0,0.0,0.0,0.0,0.0,0.0,0.0,0.0,0.0,0.0,0.0,0.0,0.0,0.0,0.0,0.0028423726019145734,0.0,0.0,0.0,0.0,0.0,0.0,0.0,0.0,0.0,0.0,0.0,0.0,0.0,0.0,0.0,0.0
720575940881834064,0.0,0.0,0.0,0.0,0.0,0.0013928961796182636,0.0,0.0,0.0,0.0,0.0,0.0,0.0,0.0,0.0,0.0,0.0,0.0,0.0,0.008819240278011264,0.0,0.0,0.0,0.0,0.0,0.0,0.0,0.0,0.004016942975403208,0.0,0.0,0.0,0.0,0.0,0.0,0.0,0.0,0.0,0.0,0.0,0.0,0.0,0.0,0.0,0.0,0.0,0.007035877381121201,0.013324405981325844,0.0,0.0,0.0,0.0,0.0,0.0,0.0111808667998293,0.0,0.0,0.0,0.0,0.0017287897226521318,0.0,0.0,0.0,0.0,0.0,0.0,0.0,0.0,0.0,0.0,0.0058725314087497565,0.0,0.0,0.0,0.0,0.0,0.0,0.0,0.0,0.0,0.0,0.0,0.0,0.0,0.0,0.0,0.0,0.0,0.0,0.0,0.0,0.0,0.0,0.0,0.0,0.0,0.0,0.0020958654736050264,0.0,0.0,0.0,0.0,0.0,0.0,0.0,0.0,0.0,0.0,0.0,0.0,0.0,0.0,0.0,0.01654942474944295,0.0,0.0,0.0,0.0,0.0,0.007958721486149255,0.0,0.0,0.0,0.0,0.0,0.0,0.0,0.0,0.0017073644558658248,0.0,0.00419394386085054,0.0,0.0,0.0,0.0,0.0,0.0,0.0,0.0013760885968552444,0.0,0.0,0.0,0.0,0.0,0.010204722551707202,0.0,0.0,0.0,0.0,0.0,0.0,0.0,0.0,0.0,0.0,0.0,0.0,0.0,0.0,0.0,0.0
720575940900275170,0.0,0.0,0.0,0.0,0.0,0.008174444988496146,0.0,0.0,0.0,0.0,0.0,0.0,0.0,0.0,0.0,0.0,0.0,0.0,0.0,0.0031999411995871515,0.0,0.0,0.0,0.0,0.0,0.0,0.0,0.0,0.003171298550634426,0.0,0.0,0.0,0.0,0.0,0.0,0.0,0.0,0.0,0.0,0.0,0.0,0.0,0.0,0.0,0.0,0.0,0.0,0.00346539612584446,0.0,0.0,0.0,0.0,0.0,0.0,0.00914661011720082,0.0,0.0,0.0,0.0,0.002304168763956278,0.0,0.0,0.0,0.0,0.0,0.0,0.0,0.0,0.0,0.0,0.0021598873050288087,0.0,0.0,0.0,0.0,0.0,0.0,0.0,0.0,0.0,0.0,0.0,0.0,0.0,0.0,0.0,0.0,0.0,0.0,0.0,0.0,0.0,0.0,0.0,0.0,0.0,0.0,0.0013195666403015274,0.0,0.0,0.0,0.0,0.0,0.0,0.0,0.0,0.0,0.0,0.0,0.0,0.0,0.0,0.0,0.007665152445184204,0.0,0.0,0.0,0.0,0.0,0.0016721084404728317,0.0,0.0,0.0,0.0,0.0,0.0,0.0,0.0,0.0029590397701316903,0.0,0.0,0.0,0.0,0.0,0.0,0.0,0.0,0.0,0.0011093001514975653,0.0,0.0,0.0,0.0,0.0,0.0008992340975901447,0.0,0.0,0.0,0.0,0.0,0.0,0.0,0.0,0.0,0.0,0.0,0.0,0.0,0.0,0.0,0.0
720575940902330369,0.0,0.0,0.0,0.0,0.0,0.0033938016053199713,0.0,0.0,0.0,0.0,0.0,0.0,0.0,0.0,0.0,0.0,0.0,0.0,0.0,0.0020623656314654004,0.0,0.0,0.0,0.0,0.0,0.0,0.0,0.0,0.0,0.0,0.0,0.0,0.0,0.0,0.0,0.0,0.0,0.0,0.0,0.0,0.0,0.0,0.0,0.0,0.0,0.0,0.007291179557960482,0.0025003047058837443,0.0,0.0,0.0,0.0,0.0,0.0,0.0,0.0,0.0,0.0,0.0,0.0029751399229131724,0.0,0.0,0.0,0.0,0.0,0.0,0.0020693884402976695,0.0,0.0,0.0,0.004244958740062286,0.0,0.0,0.0,0.0,0.0,0.0,0.0,0.0,0.0,0.0,0.0,0.0,0.0,0.0,0.0,0.0,0.0,0.0,0.0,0.0,0.0,0.0,0.0,0.0,0.0,0.0,0.0008915618769860332,0.0,0.0,0.0,0.0,0.0,0.0,0.0,0.0,0.0,0.0,0.0,0.0,0.0,0.0,0.0,0.0039739753415545375,0.0,0.0,0.0,0.0,0.0,0.007015165607742326,0.0,0.0,0.0,0.0,0.0,0.0,0.0,0.0,0.0034648149599978946,0.0,0.003812876161055167,0.0,0.0,0.0,0.0,0.0,0.0,0.0,0.0019948545790230733,0.0,0.0,0.0,0.0,0.0,0.0017839268785854953,0.0,0.0,0.0,0.0,0.0,0.0,0.0,0.0,0.0,0.0,0.0,0.0,0.0,0.0,0.0,0.0
720575940905126710,0.0,0.0,0.0,0.0,0.0,0.004723913839584398,0.0,0.0,0.0,0.0,0.0,0.0,0.0,0.0,0.0,0.0,0.0,0.0,0.0,0.0029592994861077308,0.0,0.0,0.0,0.0,0.0,0.0,0.0,0.0,0.002384605104857924,0.0,0.0,0.0,0.0,0.0,0.0,0.0,0.0,0.0,0.0,0.0,0.0,0.0,0.0,0.0,0.0,0.0,0.0022642827613941316,0.004164443990122114,0.0,0.0,0.0,0.0,0.0,0.0,0.0,0.0,0.0,0.0,0.0,0.0007668113866985142,0.0,0.0,0.0,0.0,0.0,0.0,0.0,0.0,0.0,0.0,0.0035749331006905104,0.0,0.0,0.0,0.0,0.0,0.0,0.0,0.0,0.0,0.0,0.0,0.0,0.0,0.0,0.0,0.0,0.0,0.0,0.0,0.0,0.0,0.0,0.0,0.0,0.0,0.0,0.005879884185332374,0.0,0.0,0.0,0.0,0.0,0.0,0.0,0.0,0.0,0.0,0.0,0.0,0.0,0.0,0.0,0.008315632781340381,0.0,0.0,0.0,0.0,0.0,0.003335812965423675,0.0,0.0,0.0,0.0,0.0,0.0,0.0,0.0,0.0053870862038180875,0.0,0.0013697266827379254,0.0,0.0,0.0,0.0,0.0,0.0,0.0,0.007727797901392835,0.0,0.0,0.0,0.0,0.0,0.0,0.0,0.0,0.0,0.0,0.0,0.0,0.0,0.0,0.0,0.0,0.0,0.0,0.0,0.0,0.0,0.0
720575940920897193,0.0,0.0,0.0,0.0,0.0,0.003966894275886798,0.0,0.0,0.0,0.0,0.0,0.0,0.0,0.0,0.0,0.0,0.0,0.0,0.0,0.006189079852277247,0.0,0.0,0.0,0.0,0.0,0.0,0.0,0.0,0.002092313427049091,0.0,0.0,0.0,0.0,0.0,0.0,0.0,0.0,0.0,0.0,0.0,0.0,0.0013778207989156397,0.0,0.0,0.0,0.0,0.002078973682209788,0.0,0.0,0.0,0.0,0.0,0.0,0.0,0.004747963362302731,0.0,0.0,0.0,0.0,0.0038313194047580952,0.0,0.0,0.0,0.0,0.0,0.0,0.0,0.0,0.0,0.0,0.002489722754358274,0.0,0.0,0.0,0.0,0.0,0.0,0.0,0.0,0.0,0.0,0.0,0.0,0.0,0.0,0.0,0.0,0.0,0.0,0.0,0.0,0.0,0.0,0.0,0.0,0.0,0.0,0.0011430158248049171,0.0,0.0,0.0,0.0,0.0,0.0,0.0,0.0,0.0,0.0,0.0,0.0,0.0,0.0,0.0,0.0,0.0,0.0,0.0,0.0,0.0,0.0,0.0010423533310386897,0.0,0.0,0.0,0.0,0.0,0.0,0.0,0.0015068028615747389,0.0,0.019808747336812964,0.0,0.0,0.0,0.0,0.0,0.0,0.0,0.0017320886329637865,0.0,0.0,0.0,0.0,0.0,0.0037401577363464283,0.0,0.0,0.0,0.0,0.0,0.0,0.0,0.0,0.0,0.0,0.0,0.0,0.0008740714830413158,0.0,0.0,0.0
720575940847595117,0.0,0.0,0.0,0.004130511064168679,0.0,0.0,0.0,0.0,0.0,0.0,0.0,0.0,0.0,0.0,0.0,0.0,0.0,0.0,0.008862434659291001,0.0,0.0,0.0,0.0,0.0,0.0,0.0,0.0,0.0,0.0,0.0,0.0,0.0,0.0,0.0,0.0,0.0,0.0,0.0,0.0,0.0,0.0,0.0,0.0,0.0,0.0,0.0,0.0,0.0,0.0,0.0,0.0,0.0,0.0,0.0,0.0,0.0,0.0,0.0,0.0,0.0,0.0,0.0,0.0,0.0,0.0,0.0,0.0,0.0,0.0,0.0,0.0,0.0,0.0,0.0,0.0,0.011537289216754548,0.019271589587089064,0.0,0.0,0.0,0.0,0.0,0.0,0.0,0.0,0.0,0.0,0.0,0.0,0.0,0.01645612463114008,0.0,0.0,0.0,0.0,0.02574634399519428,0.0,0.0,0.0,0.0,0.0,0.0,0.0,0.0,0.0,0.0,0.0,0.0,0.0,0.012305732196576906,0.0,0.009449530365427986,0.007799493542226684,0.0,0.0,0.0,0.0,0.0,0.006207810690379535,0.0,0.0,0.0,0.0,0.0,0.0,0.0,0.0,0.0,0.0,0.0,0.0,0.0,0.010254649590922236,0.0,0.0,0.0,0.0,0.0,0.0,0.0,0.0,0.0,0.0,0.0,0.0,0.0,0.0,0.0,0.0,0.0,0.0,0.0,0.0,0.0,0.0,0.006921551604776966,0.0,0.0,0.0,0.0,0.0
720575940870692182,0.0,0.0,0.0,0.0,0.0,0.0,0.0,0.0,0.0,0.0,0.0,0.0,0.0,0.0,0.0,0.0,0.0,0.0,0.0,0.0,0.0,0.0,0.0,0.0,0.0,0.0,0.0,0.0,0.0,0.0,0.0,0.0,0.0,0.0,0.0,0.0,0.0,0.0,0.0,0.0,0.0,0.0,0.0,0.0,0.0,0.0,0.0,0.0,0.0,0.01280725780127534,0.0,0.0,0.03809126789680131,0.0,0.0,0.0,0.0,0.0,0.0,0.0,0.0,0.0,0.0,0.0,0.0,0.0,0.0,0.0,0.0,0.013359938136004865,0.0,0.0,0.0,0.0,0.0,0.033944171523247864,0.056079695078995545,0.0,0.0,0.0,0.0,0.0,0.0,0.0,0.0,0.0,0.0,0.0,0.0,0.0,0.039021668788423454,0.0,0.0,0.0,0.0,0.0,0.0,0.0,0.0,0.0,0.0,0.0,0.0,0.0,0.0,0.0,0.0,0.0,0.0,0.0,0.0,0.0,0.01499493463610525,0.0,0.0,0.0,0.0,0.0,0.026978878478848816,0.0,0.0,0.0,0.0,0.0,0.0,0.0,0.0,0.0,0.0,0.0,0.0,0.0,0.028697049289757713,0.0,0.0,0.0,0.0,0.0,0.0,0.0,0.0,0.0,0.0,0.0,0.0,0.0,0.0,0.0,0.0,0.0,0.0,0.0,0.0,0.0,0.0,0.18709513198111571,0.0,0.0,0.0,0.0,0.0
720575940881834320,0.0,0.0,0.0,0.026916110826548007,0.03050874103651282,0.0,0.0,0.0,0.0,0.0,0.0,0.0,0.03001811112716746,0.0,0.0,0.0,0.0,0.0,0.015785974116533853,0.0,0.0,0.0,0.0,0.0,0.0,0.0,0.0,0.0,0.0,0.0,0.0,0.0,0.0,0.0,0.0,0.0,0.0,0.0,0.0,0.0,0.0,0.0,0.0,0.0,0.0,0.0,0.0,0.0,0.0,0.02660395936085584,0.0,0.0,0.0,0.0,0.0,0.0,0.0,0.0,0.0,0.0,0.0,0.0,0.0,0.0,0.0,0.0,0.0,0.0,0.0,0.0,0.0,0.0,0.0,0.0,0.0,0.023950667889642056,0.00491756498940786,0.0,0.0,0.0,0.0,0.0,0.0,0.0,0.0,0.0,0.008861197606983964,0.0,0.0,0.0,0.044459198970609494,0.0,0.0,0.0,0.0,0.0037823613971348555,0.0,0.0,0.0,0.0,0.005592470458837371,0.0,0.0,0.0,0.0,0.0,0.0,0.0,0.0,0.016228826031587436,0.0,0.012371819904110478,0.010955512090949034,0.0,0.0,0.0,0.0,0.0,0.005361496152666316,0.0,0.0,0.0,0.0,0.0,0.0,0.0,0.0,0.0,0.0,0.0,0.0,0.0,0.0,0.0,0.0,0.0,0.0,0.0,0.0,0.0,0.0,0.0,0.0,0.0,0.0,0.0,0.0,0.0,0.0,0.0,0.0,0.0,0.0,0.0,0.0,0.06015830634250709,0.0,0.0,0.0,0.0,0.0
720575940881834576,0.0,0.0,0.0,0.0,0.0,0.0,0.0,0.0,0.0,0.0,0.0,0.0,0.0,0.0,0.0,0.0,0.0,0.0,0.014645374914690082,0.0,0.0,0.0,0.0,0.020854548201784603,0.0,0.0,0.0,0.0,0.0,0.0,0.0,0.0,0.0,0.0,0.0,0.0,0.0,0.0,0.0,0.0,0.0,0.0,0.0,0.0,0.0,0.0,0.0,0.0,0.0,0.0,0.0,0.0,0.018318790442508153,0.0,0.0,0.0,0.0,0.0,0.0,0.0,0.0,0.0,0.0,0.0,0.0,0.0,0.0,0.0,0.0,0.00827448204514349,0.0,0.0,0.0,0.0,0.0,0.0,0.033507268446932414,0.0,0.0,0.0,0.0,0.0,0.0,0.0,0.0,0.0,0.0,0.0,0.0,0.0,0.03291779192938036,0.0,0.0,0.0,0.0,0.008122951264769912,0.0,0.0,0.0,0.0,0.0,0.0,0.0,0.0,0.0,0.0,0.0,0.0,0.0,0.03346519624610185,0.0,0.01786637796664432,0.0,0.0,0.0,0.0,0.0,0.0,0.029552773446517827,0.0,0.0,0.0,0.0,0.0,0.0,0.0,0.0,0.0,0.0,0.0,0.0,0.0,0.0,0.0,0.0,0.0,0.0,0.0,0.0,0.0,0.0,0.0,0.0,0.0,0.0,0.0,0.0,0.0,0.0,0.0,0.0,0.0,0.0,0.0,0.0,0.0,0.0,0.0,0.0,0.0,0.0
720575940881949777,0.0,0.0,0.0,0.0,0.0,0.0,0.0,0.0,0.0,0.0,0.0,0.0,0.0,0.0,0.0,0.0,0.0,0.0,0.011566242830758357,0.0,0.0,0.0,0.0,0.0,0.0,0.0,0.0,0.0,0.0,0.0,0.0,0.0,0.0,0.0,0.0,0.0,0.0,0.0,0.0,0.0,0.0,0.0,0.0,0.0,0.0,0.0,0.0,0.0,0.0,0.0,0.0,0.0,0.061148020395933325,0.0,0.0,0.0,0.0,0.0,0.0,0.0,0.0,0.0,0.0,0.0,0.0,0.0,0.0,0.0,0.0,0.041843695574101315,0.0,0.0,0.0,0.0,0.0,0.007386026502023273,0.008766511351553919,0.0,0.0,0.0,0.0,0.0,0.0,0.0,0.0,0.0,0.0,0.0,0.0,0.0,0.006535343150462222,0.0,0.0,0.0,0.0,0.021041226791053424,0.0,0.0,0.0,0.0,0.0,0.0,0.0,0.0,0.0,0.0,0.0,0.0,0.0,0.014025468052660302,0.0,0.01766755133838172,0.013973800298240024,0.0,0.0,0.0,0.0,0.0,0.0,0.0,0.0,0.0,0.0,0.0,0.0,0.0,0.0,0.0,0.0,0.0,0.0,0.0,0.0,0.0,0.0,0.0,0.0,0.0,0.0,0.0,0.0,0.0,0.0,0.0,0.0,0.0,0.0,0.0,0.0,0.0,0.0,0.0,0.0,0.0,0.0,0.012431882452672663,0.0,0.0,0.0,0.0,0.0
720575940883912476,0.0,0.0,0.0,0.0,0.0,0.0,0.0,0.0,0.0,0.0,0.0,0.0,0.0,0.0,0.0,0.0,0.0,0.0,0.010655202123803411,0.0,0.0,0.0,0.0,0.027892749366269762,0.0,0.0,0.0,0.0,0.0,0.0,0.0,0.0,0.0,0.0,0.0,0.0,0.0,0.0,0.0,0.0,0.0,0.0,0.0,0.0,0.0,0.0,0.0,0.0,0.0,0.0350711622073005,0.0,0.0,0.008908918434049829,0.006375732025687697,0.0,0.0,0.0,0.0,0.0,0.0,0.0,0.0,0.0,0.0,0.0,0.0,0.0,0.0,0.0,0.01234821397871784,0.0,0.0,0.0,0.0,0.0,0.024460050899082982,0.0,0.0,0.0,0.0,0.0,0.0,0.0,0.0,0.0,0.0,0.005459655374323144,0.0,0.0,0.0,0.0,0.0,0.0,0.0,0.0,0.008240347263395918,0.0,0.0,0.0,0.0,0.04611550324130885,0.0,0.0,0.0,0.0,0.0,0.0,0.0,0.0,0.020446367720664996,0.0,0.0,0.018312459098550338,0.0,0.0,0.0,0.0,0.0,0.041310653178848564,0.0,0.0,0.0,0.0,0.0,0.0,0.0,0.0,0.0,0.0,0.0,0.0,0.0,0.018386397272605957,0.0,0.0,0.0,0.0,0.0,0.0,0.0,0.0,0.0,0.0,0.0,0.0,0.0,0.0,0.0,0.0,0.0,0.0,0.0,0.0,0.0,0.0,0.0,0.0,0.0,0.0,0.0,0.0
720575940873510206,0.006022024591419181,0.0,0.0,0.0,0.0,0.0,0.0,0.0,0.0,0.10589471023095036,0.0,0.004673779667015072,0.0,0.0,0.0,0.0,0.0,0.0,0.0,0.0,0.0,0.0,0.0,0.0,0.0,0.0,0.0,0.0,0.0,0.07624602977392213,0.0,0.0,0.0,0.0,0.0,0.0,0.0,0.0,0.0,0.06461501919259915,0.0,0.0,0.0,0.0,0.0,0.0,0.0,0.0,0.0,0.0,0.0,0.0,0.0,0.0,0.0,0.0,0.0,0.0,0.0,0.0,0.0,0.0,0.0,0.0,0.0,0.0,0.0,0.0,0.0,0.0,0.0,0.0,0.0,0.0,0.0,0.0,0.0,0.0,0.0,0.0,0.11341242564681375,0.006442937093539662,0.0,0.0,0.0,0.0,0.0,0.0,0.0,0.0,0.0,0.0,0.0,0.0,0.0,0.0,0.0,0.0,0.023963909011050454,0.0,0.0,0.0,0.0,0.0,0.0,0.0,0.0,0.0,0.03044753893608444,0.0,0.0,0.0,0.0,0.0,0.0,0.0,0.0,0.018439361583203587,0.0,0.0,0.0,0.0,0.0,0.0,0.0,0.0,0.0,0.0,0.0,0.0,0.0,0.0,0.0,0.0,0.0,0.0,0.0,0.007833609987714863,0.0,0.0,0.0,0.0,0.0,0.0,0.0,0.0,0.0,0.0,0.0,0.0,0.0,0.0,0.0,0.0,0.0,0.0,0.0,0.0,0.0,0.0,0.0
720575940877569847,0.004235819688187334,0.0,0.0,0.0,0.0,0.0,0.0,0.0,0.0,0.0,0.0,0.0008220947919392271,0.0,0.0,0.0,0.0,0.0,0.0,0.0,0.0,0.0,0.0,0.0,0.0,0.0,0.0,0.0,0.0,0.0,0.003158928680800836,0.0,0.0,0.0,0.0,0.0,0.0,0.0,0.0032423041527840117,0.0,0.002216980221754112,0.0,0.0,0.0,0.0,0.0,0.0,0.0,0.0,0.0,0.0,0.0,0.0,0.0,0.0,0.0,0.0,0.013823146770799564,0.0,0.0,0.0,0.0,0.0,0.0,0.0,0.0,0.0,0.0,0.0,0.0,0.0,0.0,0.0,0.0,0.0,0.0,0.0,0.0,0.0,0.0,0.0,0.0,0.0025309990499414172,0.0,0.0,0.0,0.0,0.0,0.0,0.0,0.0,0.0,0.0,0.0,0.0,0.0,0.0,0.0,0.0,0.0,0.003436923336891958,0.0,0.0,0.0,0.0,0.0,0.0,0.0,0.0,0.0,0.0,0.0,0.0,0.0,0.0,0.0,0.0,0.0,0.009437821264615575,0.0,0.0,0.0,0.0,0.0,0.0,0.0,0.0,0.0,0.0,0.0,0.0,0.0,0.005027463110481654,0.0,0.0,0.0,0.0,0.0,0.0027193856189968884,0.0,0.016941734503418744,0.001933154730069961,0.0,0.0,0.0,0.0,0.0,0.0,0.0,0.0,0.0,0.0,0.0,0.0,0.0,0.0,0.0,0.0,0.0,0.0,0.0,0.0
720575940886558498,0.006663882733398706,0.0,0.0,0.0,0.0,0.0,0.0,0.0,0.0,0.0,0.0,0.0,0.0,0.0,0.0,0.0,0.0,0.0,0.0,0.0,0.0,0.0,0.0,0.0,0.0,0.0,0.0,0.0,0.0,0.0,0.0,0.0,0.0,0.0,0.0,0.0,0.0,0.0,0.0,0.0,0.0,0.0,0.0,0.0,0.0029801281923002815,0.0,0.0,0.0,0.0787270838252136,0.0,0.0,0.0,0.0,0.0,0.0,0.0,0.0,0.0,0.0,0.0,0.0,0.0,0.0,0.0,0.0,0.0,0.0,0.0,0.0,0.0,0.0,0.0,0.0,0.0,0.0,0.0,0.0,0.0,0.0,0.0,0.0586324978358745,0.0,0.0,0.0,0.0,0.0,0.0,0.0,0.0,0.0,0.0,0.0,0.0,0.0,0.0,0.0,0.0,0.0,0.0,0.024493500435341355,0.0,0.0,0.0,0.0,0.0,0.0,0.0,0.0,0.0,0.0,0.0,0.0,0.0,0.0,0.0,0.0,0.0,0.0,0.0,0.0,0.0,0.0,0.0,0.0,0.0,0.0,0.0,0.0,0.0,0.0,0.0,0.0,0.0,0.0,0.0,0.0,0.0,0.0,0.0,0.0,0.0,0.0,0.0,0.0,0.0,0.0,0.0,0.0,0.0,0.0,0.0,0.0,0.0,0.0,0.0,0.0,0.0,0.0,0.0,0.0,0.0
720575940887754056,0.0,0.0,0.0,0.0,0.0,0.0,0.0,0.0,0.0,0.03978506041540457,0.0,0.0022675623171986214,0.0,0.0,0.0,0.0,0.0,0.0,0.0,0.0,0.0,0.0,0.0,0.0,0.0,0.0,0.0,0.0,0.0,0.0,0.0,0.0,0.0,0.0,0.0,0.0,0.0,0.05533204024199689,0.0,0.004397938531402895,0.0,0.0,0.0,0.0,0.0,0.0,0.0,0.0,0.0,0.0,0.0,0.0,0.0,0.0,0.0,0.0,0.0,0.0,0.0,0.0,0.0,0.0,0.0,0.0,0.0,0.0,0.0,0.0,0.0,0.0,0.0,0.0,0.0,0.0,0.0,0.0,0.0,0.0,0.0,0.0,0.029622161772934964,0.0,0.0,0.0,0.0,0.0,0.0,0.0,0.0,0.0,0.0,0.0,0.0,0.0,0.0,0.0,0.0,0.0,0.0,0.0,0.0,0.0,0.0,0.0,0.0,0.0,0.0,0.0,0.0,0.0,0.0,0.0,0.0,0.0,0.0,0.0,0.0,0.0,0.0,0.0,0.0,0.0,0.0,0.0,0.0,0.0,0.0,0.0,0.0,0.0,0.0,0.0,0.0,0.0,0.0,0.0,0.0,0.02749072993932022,0.0,0.0,0.010593365504000168,0.0,0.0,0.0,0.0,0.0,0.0,0.0,0.0,0.0,0.0,0.0,0.0,0.0,0.0,0.0,0.0,0.0,0.0,0.0,0.0
720575940888148336,0.0,0.0,0.0,0.0,0.0,0.0,0.0,0.0,0.0,0.0,0.0,0.0,0.0,0.0,0.0,0.0,0.0,0.0,0.0,0.0,0.0,0.0,0.0,0.0,0.0,0.0,0.0,0.0,0.0,0.008098170820806948,0.0,0.0,0.0,0.0,0.0,0.0,0.0,0.0,0.0,0.0,0.0,0.0,0.0,0.0,0.0,0.0,0.0,0.0,0.03104124086491203,0.0,0.0,0.0,0.0,0.0,0.0,0.0,0.0,0.0,0.0,0.0,0.0,0.0,0.0,0.0,0.0,0.0,0.0,0.0,0.0,0.0,0.0,0.0,0.0,0.0,0.0,0.0,0.0,0.0,0.0,0.0,0.0,0.0,0.0,0.0,0.0,0.0,0.0,0.0,0.0,0.0,0.0,0.0,0.0,0.0,0.0,0.0,0.0,0.0,0.0,0.0,0.0,0.0,0.0,0.0,0.0,0.0,0.0,0.0,0.0,0.0,0.0,0.0,0.0,0.0,0.0,0.0,0.0,0.0,0.0,0.0,0.0,0.0,0.0,0.0,0.0,0.0,0.0,0.0,0.0,0.0,0.0,0.0,0.0,0.0,0.0,0.0,0.0,0.0,0.0,0.059693983568753474,0.0,0.0,0.0,0.0,0.0,0.0,0.0,0.0,0.0,0.0,0.0,0.0,0.0,0.0,0.0,0.0,0.0,0.0,0.0,0.0,0.0
720575940888538572,0.0,0.0,0.0,0.0,0.022125682950689927,0.0,0.0,0.0,0.0,0.02192799302097766,0.0,0.0,0.0,0.1159360796163666,0.0,0.0,0.0,0.0,0.0,0.0,0.0,0.0,0.0,0.0,0.0,0.0,0.0,0.0,0.0,0.004926548293304989,0.0,0.0,0.0,0.0,0.0,0.0,0.0,0.010383470279538388,0.0,0.0,0.0,0.0,0.0,0.0,0.0,0.0,0.0,0.0,0.15787963856298584,0.0,0.0,0.0,0.0,0.0,0.0,0.0,0.0,0.0,0.0,0.0,0.0,0.06720393911856908,0.0,0.0,0.0,0.0,0.0,0.0,0.0,0.0,0.0,0.0,0.0,0.0,0.0,0.0,0.0,0.0,0.0,0.0,0.05366482568408861,0.0,0.0,0.0,0.0,0.0,0.0,0.0,0.0,0.0,0.0,0.0,0.0,0.0,0.0,0.0,0.0,0.0,0.0,0.0,0.0,0.0,0.0,0.0,0.0,0.0,0.0,0.0,0.0,0.0,0.0,0.0,0.0,0.0,0.0,0.0,0.0,0.009301147493727678,0.0,0.0,0.0,0.0,0.0,0.0,0.0,0.0,0.0,0.0,0.0,0.0,0.0,0.00565725566346733,0.0,0.0,0.0,0.0,0.0,0.0,0.0,0.0,0.002497392341543097,0.0,0.0,0.0,0.0,0.0,0.0,0.0,0.0,0.0,0.0,0.0,0.0,0.0,0.0,0.0,0.0,0.0,0.04639765153646983,0.0,0.0
720575940897166352,0.0,0.0,0.0,0.0,0.0,0.0,0.0,0.0,0.0,0.0,0.0,0.0,0.0,0.0,0.0,0.0,0.0,0.0,0.0,0.0,0.0,0.0,0.0,0.0,0.0,0.0,0.0,0.0,0.0,0.0,0.0,0.0,0.0,0.0,0.0,0.0,0.0,0.0,0.0,0.0,0.0,0.0,0.0,0.0,0.0,0.0,0.0,0.0,0.19783001574595038,0.0,0.0,0.0,0.0,0.0,0.0,0.0,0.0,0.0,0.0,0.0,0.0,0.0,0.0,0.0,0.0,0.0,0.0,0.0,0.0,0.0,0.0,0.0,0.0,0.0,0.0,0.0,0.0,0.0,0.0,0.0,0.0,0.0,0.0,0.0,0.0,0.0,0.0,0.0,0.0,0.0,0.0,0.0,0.0,0.0,0.0,0.0,0.0,0.0,0.0,0.0,0.0,0.0,0.0,0.0,0.0,0.0,0.0,0.0,0.0,0.0,0.0,0.0,0.0,0.0,0.0,0.0,0.0,0.0,0.0,0.0,0.0,0.0,0.0,0.0,0.0,0.0,0.0,0.0,0.0,0.0,0.0,0.0,0.0,0.0,0.0,0.0,0.0,0.0,0.0,0.0,0.014106813590258754,0.0,0.0,0.0,0.0,0.0,0.0,0.0,0.0,0.0,0.0,0.0,0.0,0.0,0.0,0.0,0.0,0.0,0.0,0.0,0.0
720575940916312157,0.0,0.0,0.0,0.0,0.0,0.0,0.0,0.0,0.0,0.03032194062724482,0.0,0.0011312509029149783,0.0,0.0,0.0,0.0,0.0,0.0,0.0,0.0,0.0,0.0,0.0,0.0,0.0,0.0,0.0,0.0,0.0,0.0,0.0,0.0,0.0,0.0,0.0,0.0,0.0,0.002021830970612226,0.0,0.0,0.0,0.0,0.0,0.0,0.0,0.0,0.0,0.0,0.021081108828378377,0.0,0.0,0.0,0.0,0.0,0.0,0.0,0.0,0.0,0.0,0.0,0.0,0.0,0.0,0.0,0.12193920106557302,0.0,0.0,0.0,0.0,0.0,0.0,0.0,0.0,0.0,0.0,0.0,0.0,0.0,0.0,0.0,0.0,0.012060610040972846,0.0,0.0,0.0,0.0,0.0,0.0,0.0,0.0,0.0,0.0,0.0,0.0,0.0,0.0,0.0,0.0,0.008338830985621638,0.0,0.0,0.0,0.0,0.062369678556655865,0.0,0.0,0.0,0.0,0.0031803512910448424,0.0,0.0,0.0,0.0,0.0,0.0,0.0,0.0,0.003694654154656331,0.0,0.0,0.0,0.0,0.0,0.0,0.0,0.0,0.0,0.0,0.0,0.0,0.0,0.0075653849458319,0.0,0.0,0.0,0.0,0.0,0.0032595212359144924,0.0,0.0,0.0028077423591015465,0.0,0.0,0.0,0.0,0.0,0.0,0.0,0.0,0.0,0.0,0.0,0.0,0.0,0.0,0.0,0.0,0.0,0.009752214276822357,0.0,0.0
720575940935700348,0.0,0.0,0.0,0.0,0.0,0.0,0.0,0.0,0.0,0.0,0.0,0.0,0.0,0.0,0.0,0.0,0.0,0.0,0.0,0.0,0.0,0.0,0.0,0.0,0.0,0.0,0.0,0.0,0.0,0.004889396975464991,0.0,0.0,0.0,0.0,0.0,0.0,0.0,0.00896966876905836,0.0,0.0,0.0,0.0,0.0,0.0,0.0,0.0,0.0,0.0,0.0,0.0,0.0,0.0,0.0,0.0,0.0,0.0,0.0,0.0,0.0,0.0,0.0,0.0,0.0,0.0,0.05192282622070013,0.0,0.0,0.0,0.0,0.0,0.0,0.0,0.0,0.0,0.013362272452192127,0.0,0.0,0.0,0.0,0.0,0.0,0.0,0.0,0.0,0.0,0.0,0.0,0.0,0.0,0.0,0.0,0.0,0.0,0.0,0.0,0.0,0.0,0.0,0.022561979562817424,0.0,0.0,0.0,0.0,0.09629779283532866,0.0,0.0,0.0,0.0,0.0,0.0,0.0,0.0,0.0,0.0,0.0,0.0,0.0,0.0,0.0,0.0,0.0,0.0,0.0,0.0,0.0,0.0,0.0,0.0,0.0,0.0,0.0,0.0,0.0,0.0,0.0,0.0,0.0,0.008509143368114485,0.0,0.0,0.0,0.0,0.0,0.0,0.0,0.0,0.0,0.0,0.0,0.0,0.0,0.0,0.0,0.0,0.0,0.0,0.0,0.0,0.0,0.0,0.0
