root_id,tag,status,output_path,root_idx_zero_based,root_swc_node_id,root_distance_nm,root_distance_um,root_original_type,soma_px_x,soma_px_y,soma_px_z,soma_nm_x,soma_nm_y,soma_nm_z,selected_soma_nm_x,selected_soma_nm_y,selected_soma_nm_z
720575940865160474,p2_noci,existing,/Users/wangchu/mesh_analysis/swc_by_tag_corrected/p2_noci/720575940865160474.swc,,,,,,,,,,,,,,
720575940881844049,p2_noci,existing,/Users/wangchu/mesh_analysis/swc_by_tag_corrected/p2_noci/720575940881844049.swc,,,,,,,,,,,,,,
720575940902401208,p2_noci,existing,/Users/wangchu/mesh_analysis/swc_by_tag_corrected/p2_noci/720575940902401208.swc,,,,,,,,,,,,,,
720575940896702138,p2_noci,existing,/Users/wangchu/mesh_analysis/swc_by_tag_corrected/p2_noci/720575940896702138.swc,,,,,,,,,,,,,,
720575940898432765,p2_noci,existing,/Users/wangchu/mesh_analysis/swc_by_tag_corrected/p2_noci/720575940898432765.swc,,,,,,,,,,,,,,
720575940888731665,p2_noci,existing,/Users/wangchu/mesh_analysis/swc_by_tag_corrected/p2_noci/720575940888731665.swc,,,,,,,,,,,,,,
720575940879773686,p2_noci,existing,/Users/wangchu/mesh_analysis/swc_by_tag_corrected/p2_noci/720575940879773686.swc,,,,,,,,,,,,,,
720575940884939979,p2_noci,existing,/Users/wangchu/mesh_analysis/swc_by_tag_corrected/p2_noci/720575940884939979.swc,,,,,,,,,,,,,,
720575940880850833,p2_noci,existing,/Users/wangchu/mesh_analysis/swc_by_tag_corrected/p2_noci/720575940880850833.swc,,,,,,,,,,,,,,
720575940915676096,p2_noci,existing,/Users/wangchu/mesh_analysis/swc_by_tag_corrected/p2_noci/720575940915676096.swc,,,,,,,,,,,,,,
720575940895281326,p2_noci,existing,/Users/wangchu/mesh_analysis/swc_by_tag_corrected/p2_noci/720575940895281326.swc,,,,,,,,,,,,,,
720575940894563284,p2_noci,existing,/Users/wangchu/mesh_analysis/swc_by_tag_corrected/p2_noci/720575940894563284.swc,,,,,,,,,,,,,,
720575940898821041,p2_noci,existing,/Users/wangchu/mesh_analysis/swc_by_tag_corrected/p2_noci/720575940898821041.swc,,,,,,,,,,,,,,
720575940884015788,p2_cold,existing,/Users/wangchu/mesh_analysis/swc_by_tag_corrected/p2_cold/720575940884015788.swc,,,,,,,,,,,,,,
720575940889967848,p2_poly,existing,/Users/wangchu/mesh_analysis/swc_by_tag_corrected/p2_poly/720575940889967848.swc,,,,,,,,,,,,,,
720575940881974650,p2_poly,existing,/Users/wangchu/mesh_analysis/swc_by_tag_corrected/p2_poly/720575940881974650.swc,,,,,,,,,,,,,,
720575940890018996,p2_poly,existing,/Users/wangchu/mesh_analysis/swc_by_tag_corrected/p2_poly/720575940890018996.swc,,,,,,,,,,,,,,
720575940963340820,p2_noci,existing,/Users/wangchu/mesh_analysis/swc_by_tag_corrected/p2_noci/720575940963340820.swc,,,,,,,,,,,,,,
720575940918311989,p2_poly,existing,/Users/wangchu/mesh_analysis/swc_by_tag_corrected/p2_poly/720575940918311989.swc,,,,,,,,,,,,,,
720575940890704372,p2_poly,existing,/Users/wangchu/mesh_analysis/swc_by_tag_corrected/p2_poly/720575940890704372.swc,,,,,,,,,,,,,,
720575940905050934,p2_poly,existing,/Users/wangchu/mesh_analysis/swc_by_tag_corrected/p2_poly/720575940905050934.swc,,,,,,,,,,,,,,
720575940913491825,p2_poly,existing,/Users/wangchu/mesh_analysis/swc_by_tag_corrected/p2_poly/720575940913491825.swc,,,,,,,,,,,,,,
720575940902518994,p2_noci,existing,/Users/wangchu/mesh_analysis/swc_by_tag_corrected/p2_noci/720575940902518994.swc,,,,,,,,,,,,,,
720575940914014910,p2_poly,existing,/Users/wangchu/mesh_analysis/swc_by_tag_corrected/p2_poly/720575940914014910.swc,,,,,,,,,,,,,,
720575940889952699,p2_poly,existing,/Users/wangchu/mesh_analysis/swc_by_tag_corrected/p2_poly/720575940889952699.swc,,,,,,,,,,,,,,
720575940909802419,p2_poly,existing,/Users/wangchu/mesh_analysis/swc_by_tag_corrected/p2_poly/720575940909802419.swc,,,,,,,,,,,,,,
720575940883900444,p2_poly,existing,/Users/wangchu/mesh_analysis/swc_by_tag_corrected/p2_poly/720575940883900444.swc,,,,,,,,,,,,,,
720575940917098044,p2_poly,existing,/Users/wangchu/mesh_analysis/swc_by_tag_corrected/p2_poly/720575940917098044.swc,,,,,,,,,,,,,,
720575940890939713,p2_noci,existing,/Users/wangchu/mesh_analysis/swc_by_tag_corrected/p2_noci/720575940890939713.swc,,,,,,,,,,,,,,
720575940886290596,p2_poly,existing,/Users/wangchu/mesh_analysis/swc_by_tag_corrected/p2_poly/720575940886290596.swc,,,,,,,,,,,,,,
720575940869481691,np_module,existing,/Users/wangchu/mesh_analysis/swc_by_tag_corrected/np_module/720575940869481691.swc,,,,,,,,,,,,,,
720575940899779727,p2_poly,existing,/Users/wangchu/mesh_analysis/swc_by_tag_corrected/p2_poly/720575940899779727.swc,,,,,,,,,,,,,,
720575940930825549,p2_poly,existing,/Users/wangchu/mesh_analysis/swc_by_tag_corrected/p2_poly/720575940930825549.swc,,,,,,,,,,,,,,
720575940901717479,p2_cold,existing,/Users/wangchu/mesh_analysis/swc_by_tag_corrected/p2_cold/720575940901717479.swc,,,,,,,,,,,,,,
720575940925790278,p2_cold,existing,/Users/wangchu/mesh_analysis/swc_by_tag_corrected/p2_cold/720575940925790278.swc,,,,,,,,,,,,,,
720575940898677394,p2_cold,existing,/Users/wangchu/mesh_analysis/swc_by_tag_corrected/p2_cold/720575940898677394.swc,,,,,,,,,,,,,,
720575940875863357,p2_cold,existing,/Users/wangchu/mesh_analysis/swc_by_tag_corrected/p2_cold/720575940875863357.swc,,,,,,,,,,,,,,
720575940894664201,p2_cold,existing,/Users/wangchu/mesh_analysis/swc_by_tag_corrected/p2_cold/720575940894664201.swc,,,,,,,,,,,,,,
720575940882103072,p2_cold,existing,/Users/wangchu/mesh_analysis/swc_by_tag_corrected/p2_cold/720575940882103072.swc,,,,,,,,,,,,,,
720575940883198167,p2_cold,existing,/Users/wangchu/mesh_analysis/swc_by_tag_corrected/p2_cold/720575940883198167.swc,,,,,,,,,,,,,,
720575940927796016,p2_cold,existing,/Users/wangchu/mesh_analysis/swc_by_tag_corrected/p2_cold/720575940927796016.swc,,,,,,,,,,,,,,
720575940888561868,p1,existing,/Users/wangchu/mesh_analysis/swc_by_tag_corrected/p1/720575940888561868.swc,,,,,,,,,,,,,,
720575940921478163,p1,existing,/Users/wangchu/mesh_analysis/swc_by_tag_corrected/p1/720575940921478163.swc,,,,,,,,,,,,,,
720575940893329739,p1,existing,/Users/wangchu/mesh_analysis/swc_by_tag_corrected/p1/720575940893329739.swc,,,,,,,,,,,,,,
720575940964370854,p1,existing,/Users/wangchu/mesh_analysis/swc_by_tag_corrected/p1/720575940964370854.swc,,,,,,,,,,,,,,
720575940892250110,p1,existing,/Users/wangchu/mesh_analysis/swc_by_tag_corrected/p1/720575940892250110.swc,,,,,,,,,,,,,,
720575940886574602,p1,existing,/Users/wangchu/mesh_analysis/swc_by_tag_corrected/p1/720575940886574602.swc,,,,,,,,,,,,,,
720575940941106028,noci_module,existing,/Users/wangchu/mesh_analysis/swc_by_tag_corrected/noci_module/720575940941106028.swc,,,,,,,,,,,,,,
720575940922949405,noci_module,existing,/Users/wangchu/mesh_analysis/swc_by_tag_corrected/noci_module/720575940922949405.swc,,,,,,,,,,,,,,
720575940899282056,noci_module,existing,/Users/wangchu/mesh_analysis/swc_by_tag_corrected/noci_module/720575940899282056.swc,,,,,,,,,,,,,,
720575940917429907,noci_module,existing,/Users/wangchu/mesh_analysis/swc_by_tag_corrected/noci_module/720575940917429907.swc,,,,,,,,,,,,,,
720575940890134196,noci_module,existing,/Users/wangchu/mesh_analysis/swc_by_tag_corrected/noci_module/720575940890134196.swc,,,,,,,,,,,,,,
720575940888793434,noci_module,existing,/Users/wangchu/mesh_analysis/swc_by_tag_corrected/noci_module/720575940888793434.swc,,,,,,,,,,,,,,
720575940920932008,noci_module,existing,/Users/wangchu/mesh_analysis/swc_by_tag_corrected/noci_module/720575940920932008.swc,,,,,,,,,,,,,,
720575940909430811,noci_module,existing,/Users/wangchu/mesh_analysis/swc_by_tag_corrected/noci_module/720575940909430811.swc,,,,,,,,,,,,,,
720575940881936635,noci_module,existing,/Users/wangchu/mesh_analysis/swc_by_tag_corrected/noci_module/720575940881936635.swc,,,,,,,,,,,,,,
720575940919071815,noci_module,existing,/Users/wangchu/mesh_analysis/swc_by_tag_corrected/noci_module/720575940919071815.swc,,,,,,,,,,,,,,
720575940909393947,np_module,existing,/Users/wangchu/mesh_analysis/swc_by_tag_corrected/np_module/720575940909393947.swc,,,,,,,,,,,,,,
720575940904086480,np_module,existing,/Users/wangchu/mesh_analysis/swc_by_tag_corrected/np_module/720575940904086480.swc,,,,,,,,,,,,,,
720575940877501751,np_module,existing,/Users/wangchu/mesh_analysis/swc_by_tag_corrected/np_module/720575940877501751.swc,,,,,,,,,,,,,,
720575940914883824,np_module,existing,/Users/wangchu/mesh_analysis/swc_by_tag_corrected/np_module/720575940914883824.swc,,,,,,,,,,,,,,
720575940922709290,np_module,existing,/Users/wangchu/mesh_analysis/swc_by_tag_corrected/np_module/720575940922709290.swc,,,,,,,,,,,,,,
720575940891164342,np_module,existing,/Users/wangchu/mesh_analysis/swc_by_tag_corrected/np_module/720575940891164342.swc,,,,,,,,,,,,,,
720575940903679779,np_module,existing,/Users/wangchu/mesh_analysis/swc_by_tag_corrected/np_module/720575940903679779.swc,,,,,,,,,,,,,,
720575940878916148,np_module,existing,/Users/wangchu/mesh_analysis/swc_by_tag_corrected/np_module/720575940878916148.swc,,,,,,,,,,,,,,
720575940894647347,np_module,existing,/Users/wangchu/mesh_analysis/swc_by_tag_corrected/np_module/720575940894647347.swc,,,,,,,,,,,,,,
720575940875116119,np_module,existing,/Users/wangchu/mesh_analysis/swc_by_tag_corrected/np_module/720575940875116119.swc,,,,,,,,,,,,,,
720575940909769176,np_module,existing,/Users/wangchu/mesh_analysis/swc_by_tag_corrected/np_module/720575940909769176.swc,,,,,,,,,,,,,,
720575940894178664,np_module,existing,/Users/wangchu/mesh_analysis/swc_by_tag_corrected/np_module/720575940894178664.swc,,,,,,,,,,,,,,
720575940912535686,np_module,existing,/Users/wangchu/mesh_analysis/swc_by_tag_corrected/np_module/720575940912535686.swc,,,,,,,,,,,,,,
720575940918750769,np_module,existing,/Users/wangchu/mesh_analysis/swc_by_tag_corrected/np_module/720575940918750769.swc,,,,,,,,,,,,,,
720575940899153235,np_module,existing,/Users/wangchu/mesh_analysis/swc_by_tag_corrected/np_module/720575940899153235.swc,,,,,,,,,,,,,,
720575940905061686,np_module,existing,/Users/wangchu/mesh_analysis/swc_by_tag_corrected/np_module/720575940905061686.swc,,,,,,,,,,,,,,
720575940908386564,np_module,existing,/Users/wangchu/mesh_analysis/swc_by_tag_corrected/np_module/720575940908386564.swc,,,,,,,,,,,,,,
720575940895353262,np_module,existing,/Users/wangchu/mesh_analysis/swc_by_tag_corrected/np_module/720575940895353262.swc,,,,,,,,,,,,,,
720575940916016480,np_module,existing,/Users/wangchu/mesh_analysis/swc_by_tag_corrected/np_module/720575940916016480.swc,,,,,,,,,,,,,,
720575940896736698,np_module,existing,/Users/wangchu/mesh_analysis/swc_by_tag_corrected/np_module/720575940896736698.swc,,,,,,,,,,,,,,
720575940927109144,np_module,existing,/Users/wangchu/mesh_analysis/swc_by_tag_corrected/np_module/720575940927109144.swc,,,,,,,,,,,,,,
720575940893395733,np_module,existing,/Users/wangchu/mesh_analysis/swc_by_tag_corrected/np_module/720575940893395733.swc,,,,,,,,,,,,,,
720575940903370509,np_module,existing,/Users/wangchu/mesh_analysis/swc_by_tag_corrected/np_module/720575940903370509.swc,,,,,,,,,,,,,,
720575940897460886,np_module,existing,/Users/wangchu/mesh_analysis/swc_by_tag_corrected/np_module/720575940897460886.swc,,,,,,,,,,,,,,
720575940883803384,np_module,existing,/Users/wangchu/mesh_analysis/swc_by_tag_corrected/np_module/720575940883803384.swc,,,,,,,,,,,,,,
720575940869443690,np_module,existing,/Users/wangchu/mesh_analysis/swc_by_tag_corrected/np_module/720575940869443690.swc,,,,,,,,,,,,,,
720575940937848237,cltmr_module,existing,/Users/wangchu/mesh_analysis/swc_by_tag_corrected/cltmr_module/720575940937848237.swc,,,,,,,,,,,,,,
720575940906210525,cltmr_module,existing,/Users/wangchu/mesh_analysis/swc_by_tag_corrected/cltmr_module/720575940906210525.swc,,,,,,,,,,,,,,
720575940924182661,cltmr_module,existing,/Users/wangchu/mesh_analysis/swc_by_tag_corrected/cltmr_module/720575940924182661.swc,,,,,,,,,,,,,,
720575940900956101,cltmr_module,existing,/Users/wangchu/mesh_analysis/swc_by_tag_corrected/cltmr_module/720575940900956101.swc,,,,,,,,,,,,,,
720575940902703006,cltmr_module,existing,/Users/wangchu/mesh_analysis/swc_by_tag_corrected/cltmr_module/720575940902703006.swc,,,,,,,,,,,,,,
720575940861450226,cltmr_module,existing,/Users/wangchu/mesh_analysis/swc_by_tag_corrected/cltmr_module/720575940861450226.swc,,,,,,,,,,,,,,
720575940922814762,cltmr_module,existing,/Users/wangchu/mesh_analysis/swc_by_tag_corrected/cltmr_module/720575940922814762.swc,,,,,,,,,,,,,,
720575940878978356,cltmr_module,existing,/Users/wangchu/mesh_analysis/swc_by_tag_corrected/cltmr_module/720575940878978356.swc,,,,,,,,,,,,,,
720575940893177002,cltmr_module,existing,/Users/wangchu/mesh_analysis/swc_by_tag_corrected/cltmr_module/720575940893177002.swc,,,,,,,,,,,,,,
720575940883197911,cltmr_module,existing,/Users/wangchu/mesh_analysis/swc_by_tag_corrected/cltmr_module/720575940883197911.swc,,,,,,,,,,,,,,
720575940878956340,cltmr_module,existing,/Users/wangchu/mesh_analysis/swc_by_tag_corrected/cltmr_module/720575940878956340.swc,,,,,,,,,,,,,,
720575940912929024,cltmr_module,existing,/Users/wangchu/mesh_analysis/swc_by_tag_corrected/cltmr_module/720575940912929024.swc,,,,,,,,,,,,,,
720575940890245126,cltmr_module,existing,/Users/wangchu/mesh_analysis/swc_by_tag_corrected/cltmr_module/720575940890245126.swc,,,,,,,,,,,,,,
720575940909443355,cltmr_module,existing,/Users/wangchu/mesh_analysis/swc_by_tag_corrected/cltmr_module/720575940909443355.swc,,,,,,,,,,,,,,
720575940940380075,cltmr_module,existing,/Users/wangchu/mesh_analysis/swc_by_tag_corrected/cltmr_module/720575940940380075.swc,,,,,,,,,,,,,,
720575940908781145,cltmr_module,existing,/Users/wangchu/mesh_analysis/swc_by_tag_corrected/cltmr_module/720575940908781145.swc,,,,,,,,,,,,,,
720575940881620931,cltmr_module,existing,/Users/wangchu/mesh_analysis/swc_by_tag_corrected/cltmr_module/720575940881620931.swc,,,,,,,,,,,,,,
720575940891181902,cltmr_module,existing,/Users/wangchu/mesh_analysis/swc_by_tag_corrected/cltmr_module/720575940891181902.swc,,,,,,,,,,,,,,
720575940889238903,cltmr_module,existing,/Users/wangchu/mesh_analysis/swc_by_tag_corrected/cltmr_module/720575940889238903.swc,,,,,,,,,,,,,,
720575940899283650,cltmr_module,existing,/Users/wangchu/mesh_analysis/swc_by_tag_corrected/cltmr_module/720575940899283650.swc,,,,,,,,,,,,,,
720575940880875929,cltmr_module,existing,/Users/wangchu/mesh_analysis/swc_by_tag_corrected/cltmr_module/720575940880875929.swc,,,,,,,,,,,,,,
720575940901384751,cltmr_module,existing,/Users/wangchu/mesh_analysis/swc_by_tag_corrected/cltmr_module/720575940901384751.swc,,,,,,,,,,,,,,
720575940918316341,cltmr_module,existing,/Users/wangchu/mesh_analysis/swc_by_tag_corrected/cltmr_module/720575940918316341.swc,,,,,,,,,,,,,,
720575940899281090,cltmr_module,existing,/Users/wangchu/mesh_analysis/swc_by_tag_corrected/cltmr_module/720575940899281090.swc,,,,,,,,,,,,,,
720575940927248352,adltmr_module,existing,/Users/wangchu/mesh_analysis/swc_by_tag_corrected/adltmr_module/720575940927248352.swc,,,,,,,,,,,,,,
720575940937862061,adltmr_module,existing,/Users/wangchu/mesh_analysis/swc_by_tag_corrected/adltmr_module/720575940937862061.swc,,,,,,,,,,,,,,
720575940878312571,adltmr_module,existing,/Users/wangchu/mesh_analysis/swc_by_tag_corrected/adltmr_module/720575940878312571.swc,,,,,,,,,,,,,,
720575940926242958,v2,existing,/Users/wangchu/mesh_analysis/swc_by_tag_corrected/v2/720575940926242958.swc,,,,,,,,,,,,,,
720575940895289006,adltmr_module,existing,/Users/wangchu/mesh_analysis/swc_by_tag_corrected/adltmr_module/720575940895289006.swc,,,,,,,,,,,,,,
720575940888165967,adltmr_module,existing,/Users/wangchu/mesh_analysis/swc_by_tag_corrected/adltmr_module/720575940888165967.swc,,,,,,,,,,,,,,
720575940886853257,adltmr_module,existing,/Users/wangchu/mesh_analysis/swc_by_tag_corrected/adltmr_module/720575940886853257.swc,,,,,,,,,,,,,,
720575940890900801,adltmr_module,existing,/Users/wangchu/mesh_analysis/swc_by_tag_corrected/adltmr_module/720575940890900801.swc,,,,,,,,,,,,,,
720575940948987670,adltmr_module,existing,/Users/wangchu/mesh_analysis/swc_by_tag_corrected/adltmr_module/720575940948987670.swc,,,,,,,,,,,,,,
720575940907584340,adltmr_module,existing,/Users/wangchu/mesh_analysis/swc_by_tag_corrected/adltmr_module/720575940907584340.swc,,,,,,,,,,,,,,
720575940883729656,adltmr_module,existing,/Users/wangchu/mesh_analysis/swc_by_tag_corrected/adltmr_module/720575940883729656.swc,,,,,,,,,,,,,,
720575940896732090,adltmr_module,existing,/Users/wangchu/mesh_analysis/swc_by_tag_corrected/adltmr_module/720575940896732090.swc,,,,,,,,,,,,,,
720575940902624978,adltmr_module,existing,/Users/wangchu/mesh_analysis/swc_by_tag_corrected/adltmr_module/720575940902624978.swc,,,,,,,,,,,,,,
720575940941124460,adltmr_module,existing,/Users/wangchu/mesh_analysis/swc_by_tag_corrected/adltmr_module/720575940941124460.swc,,,,,,,,,,,,,,
720575940917422227,adltmr_module,existing,/Users/wangchu/mesh_analysis/swc_by_tag_corrected/adltmr_module/720575940917422227.swc,,,,,,,,,,,,,,
720575940880839442,adltmr_module,existing,/Users/wangchu/mesh_analysis/swc_by_tag_corrected/adltmr_module/720575940880839442.swc,,,,,,,,,,,,,,
720575940885432678,v2,existing,/Users/wangchu/mesh_analysis/swc_by_tag_corrected/v2/720575940885432678.swc,,,,,,,,,,,,,,
720575940890107704,v2,existing,/Users/wangchu/mesh_analysis/swc_by_tag_corrected/v2/720575940890107704.swc,,,,,,,,,,,,,,
720575940916299357,v2,existing,/Users/wangchu/mesh_analysis/swc_by_tag_corrected/v2/720575940916299357.swc,,,,,,,,,,,,,,
720575940896304311,v2,existing,/Users/wangchu/mesh_analysis/swc_by_tag_corrected/v2/720575940896304311.swc,,,,,,,,,,,,,,
720575940923272236,v2,existing,/Users/wangchu/mesh_analysis/swc_by_tag_corrected/v2/720575940923272236.swc,,,,,,,,,,,,,,
720575940920054001,v2,existing,/Users/wangchu/mesh_analysis/swc_by_tag_corrected/v2/720575940920054001.swc,,,,,,,,,,,,,,
720575940890108216,v2,existing,/Users/wangchu/mesh_analysis/swc_by_tag_corrected/v2/720575940890108216.swc,,,,,,,,,,,,,,
720575940877146203,v2,existing,/Users/wangchu/mesh_analysis/swc_by_tag_corrected/v2/720575940877146203.swc,,,,,,,,,,,,,,
720575940861447666,v2,existing,/Users/wangchu/mesh_analysis/swc_by_tag_corrected/v2/720575940861447666.swc,,,,,,,,,,,,,,
720575940921525267,v2,existing,/Users/wangchu/mesh_analysis/swc_by_tag_corrected/v2/720575940921525267.swc,,,,,,,,,,,,,,
720575940902634194,v2,existing,/Users/wangchu/mesh_analysis/swc_by_tag_corrected/v2/720575940902634194.swc,,,,,,,,,,,,,,
720575940913573871,v2,existing,/Users/wangchu/mesh_analysis/swc_by_tag_corrected/v2/720575940913573871.swc,,,,,,,,,,,,,,
720575940882672796,v2,existing,/Users/wangchu/mesh_analysis/swc_by_tag_corrected/v2/720575940882672796.swc,,,,,,,,,,,,,,
720575940915253823,v2,existing,/Users/wangchu/mesh_analysis/swc_by_tag_corrected/v2/720575940915253823.swc,,,,,,,,,,,,,,
720575940891783079,v2,existing,/Users/wangchu/mesh_analysis/swc_by_tag_corrected/v2/720575940891783079.swc,,,,,,,,,,,,,,
720575940897454998,v2,existing,/Users/wangchu/mesh_analysis/swc_by_tag_corrected/v2/720575940897454998.swc,,,,,,,,,,,,,,
720575940891518756,v2,existing,/Users/wangchu/mesh_analysis/swc_by_tag_corrected/v2/720575940891518756.swc,,,,,,,,,,,,,,
720575940939715909,v2,existing,/Users/wangchu/mesh_analysis/swc_by_tag_corrected/v2/720575940939715909.swc,,,,,,,,,,,,,,
720575940898916857,v2,existing,/Users/wangchu/mesh_analysis/swc_by_tag_corrected/v2/720575940898916857.swc,,,,,,,,,,,,,,
720575940894662868,v2,existing,/Users/wangchu/mesh_analysis/swc_by_tag_corrected/v2/720575940894662868.swc,,,,,,,,,,,,,,
720575940883198679,v2,existing,/Users/wangchu/mesh_analysis/swc_by_tag_corrected/v2/720575940883198679.swc,,,,,,,,,,,,,,
720575940922957341,v2,existing,/Users/wangchu/mesh_analysis/swc_by_tag_corrected/v2/720575940922957341.swc,,,,,,,,,,,,,,
720575940889924328,v2,existing,/Users/wangchu/mesh_analysis/swc_by_tag_corrected/v2/720575940889924328.swc,,,,,,,,,,,,,,
720575940905041878,v2,existing,/Users/wangchu/mesh_analysis/swc_by_tag_corrected/v2/720575940905041878.swc,,,,,,,,,,,,,,
720575940905042134,v2,existing,/Users/wangchu/mesh_analysis/swc_by_tag_corrected/v2/720575940905042134.swc,,,,,,,,,,,,,,
720575940878326395,v2,existing,/Users/wangchu/mesh_analysis/swc_by_tag_corrected/v2/720575940878326395.swc,,,,,,,,,,,,,,
720575940880837650,v2,existing,/Users/wangchu/mesh_analysis/swc_by_tag_corrected/v2/720575940880837650.swc,,,,,,,,,,,,,,
720575940888845329,v2,existing,/Users/wangchu/mesh_analysis/swc_by_tag_corrected/v2/720575940888845329.swc,,,,,,,,,,,,,,
720575940903751971,v2,existing,/Users/wangchu/mesh_analysis/swc_by_tag_corrected/v2/720575940903751971.swc,,,,,,,,,,,,,,
720575940915256127,v2,existing,/Users/wangchu/mesh_analysis/swc_by_tag_corrected/v2/720575940915256127.swc,,,,,,,,,,,,,,
720575940903414541,v2,existing,/Users/wangchu/mesh_analysis/swc_by_tag_corrected/v2/720575940903414541.swc,,,,,,,,,,,,,,
720575940900963269,v2,existing,/Users/wangchu/mesh_analysis/swc_by_tag_corrected/v2/720575940900963269.swc,,,,,,,,,,,,,,
720575940894116163,v2,existing,/Users/wangchu/mesh_analysis/swc_by_tag_corrected/v2/720575940894116163.swc,,,,,,,,,,,,,,
720575940894647859,v2,existing,/Users/wangchu/mesh_analysis/swc_by_tag_corrected/v2/720575940894647859.swc,,,,,,,,,,,,,,
720575940889813349,v2,existing,/Users/wangchu/mesh_analysis/swc_by_tag_corrected/v2/720575940889813349.swc,,,,,,,,,,,,,,
720575940915578005,v1,existing,/Users/wangchu/mesh_analysis/swc_by_tag_corrected/v1/720575940915578005.swc,,,,,,,,,,,,,,
720575940917975893,v1,existing,/Users/wangchu/mesh_analysis/swc_by_tag_corrected/v1/720575940917975893.swc,,,,,,,,,,,,,,
720575940927244256,v1,existing,/Users/wangchu/mesh_analysis/swc_by_tag_corrected/v1/720575940927244256.swc,,,,,,,,,,,,,,
720575940918815793,v1,existing,/Users/wangchu/mesh_analysis/swc_by_tag_corrected/v1/720575940918815793.swc,,,,,,,,,,,,,,
720575940927244512,v1,existing,/Users/wangchu/mesh_analysis/swc_by_tag_corrected/v1/720575940927244512.swc,,,,,,,,,,,,,,
720575940899432749,v1,existing,/Users/wangchu/mesh_analysis/swc_by_tag_corrected/v1/720575940899432749.swc,,,,,,,,,,,,,,
720575940899433005,v1,existing,/Users/wangchu/mesh_analysis/swc_by_tag_corrected/v1/720575940899433005.swc,,,,,,,,,,,,,,
720575940909797811,v1,existing,/Users/wangchu/mesh_analysis/swc_by_tag_corrected/v1/720575940909797811.swc,,,,,,,,,,,,,,
720575940865467295,v1,existing,/Users/wangchu/mesh_analysis/swc_by_tag_corrected/v1/720575940865467295.swc,,,,,,,,,,,,,,
720575940878325883,v1,existing,/Users/wangchu/mesh_analysis/swc_by_tag_corrected/v1/720575940878325883.swc,,,,,,,,,,,,,,
720575940893156522,v1,existing,/Users/wangchu/mesh_analysis/swc_by_tag_corrected/v1/720575940893156522.swc,,,,,,,,,,,,,,
720575940922795818,v1,existing,/Users/wangchu/mesh_analysis/swc_by_tag_corrected/v1/720575940922795818.swc,,,,,,,,,,,,,,
720575940859648663,v1,existing,/Users/wangchu/mesh_analysis/swc_by_tag_corrected/v1/720575940859648663.swc,,,,,,,,,,,,,,
720575940899433261,v1,existing,/Users/wangchu/mesh_analysis/swc_by_tag_corrected/v1/720575940899433261.swc,,,,,,,,,,,,,,
720575940899433517,v1,existing,/Users/wangchu/mesh_analysis/swc_by_tag_corrected/v1/720575940899433517.swc,,,,,,,,,,,,,,
720575940899433773,v1,existing,/Users/wangchu/mesh_analysis/swc_by_tag_corrected/v1/720575940899433773.swc,,,,,,,,,,,,,,
720575940927244768,v1,existing,/Users/wangchu/mesh_analysis/swc_by_tag_corrected/v1/720575940927244768.swc,,,,,,,,,,,,,,
720575940896872522,v1,existing,/Users/wangchu/mesh_analysis/swc_by_tag_corrected/v1/720575940896872522.swc,,,,,,,,,,,,,,
720575940891783335,v1,existing,/Users/wangchu/mesh_analysis/swc_by_tag_corrected/v1/720575940891783335.swc,,,,,,,,,,,,,,
720575940892204542,v1,existing,/Users/wangchu/mesh_analysis/swc_by_tag_corrected/v1/720575940892204542.swc,,,,,,,,,,,,,,
720575940878955572,v1,existing,/Users/wangchu/mesh_analysis/swc_by_tag_corrected/v1/720575940878955572.swc,,,,,,,,,,,,,,
720575940937856941,v1,existing,/Users/wangchu/mesh_analysis/swc_by_tag_corrected/v1/720575940937856941.swc,,,,,,,,,,,,,,
720575940888216655,v1,existing,/Users/wangchu/mesh_analysis/swc_by_tag_corrected/v1/720575940888216655.swc,,,,,,,,,,,,,,
720575940932846484,v1,existing,/Users/wangchu/mesh_analysis/swc_by_tag_corrected/v1/720575940932846484.swc,,,,,,,,,,,,,,
720575940899291016,v1,existing,/Users/wangchu/mesh_analysis/swc_by_tag_corrected/v1/720575940899291016.swc,,,,,,,,,,,,,,
720575940927184920,v1,existing,/Users/wangchu/mesh_analysis/swc_by_tag_corrected/v1/720575940927184920.swc,,,,,,,,,,,,,,
720575940899434029,v1,existing,/Users/wangchu/mesh_analysis/swc_by_tag_corrected/v1/720575940899434029.swc,,,,,,,,,,,,,,
720575940920027261,v1,existing,/Users/wangchu/mesh_analysis/swc_by_tag_corrected/v1/720575940920027261.swc,,,,,,,,,,,,,,
720575940890111288,v1,existing,/Users/wangchu/mesh_analysis/swc_by_tag_corrected/v1/720575940890111288.swc,,,,,,,,,,,,,,
720575940880005762,v1,existing,/Users/wangchu/mesh_analysis/swc_by_tag_corrected/v1/720575940880005762.swc,,,,,,,,,,,,,,
720575940878955828,v1,existing,/Users/wangchu/mesh_analysis/swc_by_tag_corrected/v1/720575940878955828.swc,,,,,,,,,,,,,,
720575940891184310,v1,existing,/Users/wangchu/mesh_analysis/swc_by_tag_corrected/v1/720575940891184310.swc,,,,,,,,,,,,,,
720575940920881320,v1,existing,/Users/wangchu/mesh_analysis/swc_by_tag_corrected/v1/720575940920881320.swc,,,,,,,,,,,,,,
720575940920037245,v1,exported,/Users/wangchu/mesh_analysis/swc_by_tag_corrected/v1/720575940920037245.swc,1017.0,1018.0,0.0,0.0,3.0,28428.0,3155.0,1701.0,909696.0,100960.0,76545.0,909696.0,100960.0,76545.0
720575940891185846,v1,exported,/Users/wangchu/mesh_analysis/swc_by_tag_corrected/v1/720575940891185846.swc,1663.0,1664.0,0.0,0.0,3.0,29656.0,3164.0,1801.0,948992.0,101248.0,81045.0,948992.0,101248.0,81045.0
720575940937894317,v1,exported,/Users/wangchu/mesh_analysis/swc_by_tag_corrected/v1/720575940937894317.swc,1594.0,1595.0,0.0,0.0,3.0,27421.0,3104.0,1651.0,877472.0,99328.0,74295.0,877472.0,99328.0,74295.0
720575940878957108,v1,exported,/Users/wangchu/mesh_analysis/swc_by_tag_corrected/v1/720575940878957108.swc,734.0,735.0,0.0,0.0,3.0,26713.0,2532.0,1701.0,854816.0,81024.0,76545.0,854816.0,81024.0,76545.0
720575940900033476,v1,exported,/Users/wangchu/mesh_analysis/swc_by_tag_corrected/v1/720575940900033476.swc,1883.0,1884.0,0.0,0.0,3.0,24463.0,3224.0,1703.0,782816.0,103168.0,76635.0,782816.0,103168.0,76635.0
720575940919632133,v1,exported,/Users/wangchu/mesh_analysis/swc_by_tag_corrected/v1/720575940919632133.swc,1848.0,1849.0,0.0,0.0,3.0,26844.0,2932.0,1701.0,859008.0,93824.0,76545.0,859008.0,93824.0,76545.0
720575940917853067,v1,exported,/Users/wangchu/mesh_analysis/swc_by_tag_corrected/v1/720575940917853067.swc,2247.0,2248.0,0.0,0.0,3.0,17826.0,3036.0,1762.0,570432.0,97152.0,79290.0,570432.0,97152.0,79290.0
720575940892205566,v1,exported,/Users/wangchu/mesh_analysis/swc_by_tag_corrected/v1/720575940892205566.swc,1899.0,1900.0,0.0,0.0,3.0,26275.0,3621.0,1136.0,840800.0,115872.0,51120.0,840800.0,115872.0,51120.0
720575940890962241,r,exported,/Users/wangchu/mesh_analysis/swc_by_tag_corrected/r/720575940890962241.swc,868.0,869.0,0.0,0.0,3.0,26009.0,4241.0,1351.0,832288.0,135712.0,60795.0,832288.0,135712.0,60795.0
720575940883201751,r,exported,/Users/wangchu/mesh_analysis/swc_by_tag_corrected/r/720575940883201751.swc,1279.0,1280.0,0.0,0.0,3.0,26797.0,3830.0,1327.0,857504.0,122560.0,59715.0,857504.0,122560.0,59715.0
720575940920080765,r,exported,/Users/wangchu/mesh_analysis/swc_by_tag_corrected/r/720575940920080765.swc,1416.0,1417.0,0.0,0.0,3.0,23730.0,4200.0,1346.0,759360.0,134400.0,60570.0,759360.0,134400.0,60570.0
720575940920456848,r,exported,/Users/wangchu/mesh_analysis/swc_by_tag_corrected/r/720575940920456848.swc,1353.0,1354.0,0.0,0.0,3.0,28796.0,4313.0,1901.0,921472.0,138016.0,85545.0,921472.0,138016.0,85545.0
720575940928343548,r,exported,/Users/wangchu/mesh_analysis/swc_by_tag_corrected/r/720575940928343548.swc,1113.0,1114.0,0.0,0.0,3.0,29848.0,3745.0,1701.0,955136.0,119840.0,76545.0,955136.0,119840.0,76545.0
720575940937857965,r,existing,/Users/wangchu/mesh_analysis/swc_by_tag_corrected/r/720575940937857965.swc,,,,,,,,,,,,,,
720575940877555511,r,existing,/Users/wangchu/mesh_analysis/swc_by_tag_corrected/r/720575940877555511.swc,,,,,,,,,,,,,,
720575940917852811,r,existing,/Users/wangchu/mesh_analysis/swc_by_tag_corrected/r/720575940917852811.swc,,,,,,,,,,,,,,
720575940902629074,r,existing,/Users/wangchu/mesh_analysis/swc_by_tag_corrected/r/720575940902629074.swc,,,,,,,,,,,,,,
720575940888799761,r,existing,/Users/wangchu/mesh_analysis/swc_by_tag_corrected/r/720575940888799761.swc,,,,,,,,,,,,,,
720575940871589433,r,existing,/Users/wangchu/mesh_analysis/swc_by_tag_corrected/r/720575940871589433.swc,,,,,,,,,,,,,,
720575940921583379,r,existing,/Users/wangchu/mesh_analysis/swc_by_tag_corrected/r/720575940921583379.swc,,,,,,,,,,,,,,
720575940905042902,r,existing,/Users/wangchu/mesh_analysis/swc_by_tag_corrected/r/720575940905042902.swc,,,,,,,,,,,,,,
720575940905043670,r,existing,/Users/wangchu/mesh_analysis/swc_by_tag_corrected/r/720575940905043670.swc,,,,,,,,,,,,,,
720575940905043926,r,existing,/Users/wangchu/mesh_analysis/swc_by_tag_corrected/r/720575940905043926.swc,,,,,,,,,,,,,,
720575940884057772,r,existing,/Users/wangchu/mesh_analysis/swc_by_tag_corrected/r/720575940884057772.swc,,,,,,,,,,,,,,
720575940908782425,r,existing,/Users/wangchu/mesh_analysis/swc_by_tag_corrected/r/720575940908782425.swc,,,,,,,,,,,,,,
720575940903188925,r,existing,/Users/wangchu/mesh_analysis/swc_by_tag_corrected/r/720575940903188925.swc,,,,,,,,,,,,,,
720575940946223236,r,existing,/Users/wangchu/mesh_analysis/swc_by_tag_corrected/r/720575940946223236.swc,,,,,,,,,,,,,,
720575940894664404,r,existing,/Users/wangchu/mesh_analysis/swc_by_tag_corrected/r/720575940894664404.swc,,,,,,,,,,,,,,
720575940903415565,r,existing,/Users/wangchu/mesh_analysis/swc_by_tag_corrected/r/720575940903415565.swc,,,,,,,,,,,,,,
720575940875854397,r,existing,/Users/wangchu/mesh_analysis/swc_by_tag_corrected/r/720575940875854397.swc,,,,,,,,,,,,,,
720575940910295881,r,existing,/Users/wangchu/mesh_analysis/swc_by_tag_corrected/r/720575940910295881.swc,,,,,,,,,,,,,,
720575940884925028,r,existing,/Users/wangchu/mesh_analysis/swc_by_tag_corrected/r/720575940884925028.swc,,,,,,,,,,,,,,
