dendrite_coord,axon_coord,tag,dendrite_root_id,axon_root_id,total_incoming
"29155, 3903, 1758","29320, 4453, 1733",islet-mrgd,720575940930897229,720575940882552357,1420
"24104, 3598, 1701","24306, 3929, 1314",islet-mrgd,720575940923001544,720575940917544299,1207
"26320, 3381, 1543","27344, 3514, 1565",islet-mrgd,720575940894142787,720575940892240034,1124
"22589, 3518, 2073","22490, 3798, 2283",islet-mrgd,720575940894143043,720575940926223246,1433
"24558, 3736, 2265","24461, 3600, 2248",islet-mrgd,720575940865475487,720575940884783162,1319
"25430, 4764, 1460","25384, 4074, 1605",islet-cltmr,720575940870685014,720575940910977441,1232
"22476, 4688, 1997","21636, 4289, 2083",islet-cltmr,720575940894143299,720575940892240290,1512
"24266, 4298, 1651","23751, 4351, 1605",islet-cltmr,720575940865475743,720575940926223502,970
"27950, 4274, 1601","28353, 4040, 1484",islet-cltmr,720575940884145919,720575940890119224,1195
"28063, 4731, 1501","29556, 5160, 1151",islet-cltmr,720575940883905052,720575940884783418,926
"43805, 6509, 1651","44973, 7063, 1558",islet-adltmr,720575940923001800,720575940937868973,367
"44611, 6738, 1017","44111, 5787, 1151",islet-adltmr,720575940890756047,720575940917544555,385
"12157, 5778, 1731","13153, 5700, 2154",islet-adltmr,720575940889264869,720575940892219134,272
"24510, 4268, 832","24136, 3911, 1002",islet-adltmr,720575940882552101,720575940930896973,206
"40863, 5761, 1321","41727, 5321, 1579",islet-adltmr,720575940891196854,720575940964350630,419
"37934, 6202, 141","37545, 5805, 202",islet-adhtmr,720575940918314549,720575940880937361,325
"27837, 3887, 654","28033, 3647, 860",islet-adhtmr,720575940903193533,720575940935686268,386
"17933, 2855, 2476","17947, 3091, 2607",islet-adhtmr,720575940894143555,720575940892240546,290
"37209, 4746, 2029","37387, 4317, 2239",islet-adhtmr,720575940927794480,720575940901832423,402
"24389, 3216, 2237","23742, 3073, 2451",islet-adhtmr,720575940890118968,720575940900331385,328
"22054, 2885, 2756","22409, 3328, 2752",islet-adhtmr,720575940920894376,720575940893347043,316
"21132, 6350, 1717","20699, 6332, 1806",islet-abltmr,720575940926223758,720575940865475999,226
"33216, 5542, 1906","33846, 5892, 2023",islet-abltmr,720575940883905308,720575940884783674,234
"39553, 6229, 1828","40213, 6044, 1971",islet-abltmr,720575940870685270,720575940894738697,333
"24034, 4463, 1828","23552, 5086, 1889",islet-abltmr,720575940937869229,720575940923002056,27
"23148, 5663, 1820","22621, 5670, 1734",islet-abltmr,720575940871523385,720575940937869485,66
"31482, 7171, 2691","31625, 7951, 2271",islet-abltmr,720575940897467030,720575940920893096,225
"25594, 8136, 1254","25853, 8317, 1536",islet-abltmr,720575940904120528,720575940892182114,454