pt_root_id,tag
720575940859648663,v1
720575940861447666,v2
720575940861450226,C-LTMR module
720575940865160474,p2_noci
720575940865467295,v1
720575940869443690,C-HTMR/Heat module
720575940875116119,C-HTMR/Heat module
720575940875854397,r
720575940875863357,p2_cold
720575940877146203,v2
720575940877501751,C-HTMR/Heat module
720575940877555511,r
720575940878312571,Aδ-LTMR module
720575940878325883,v1
720575940878326395,v2
720575940878916148,C-HTMR/Heat module
720575940878955572,v1
720575940878955828,v1
720575940878956340,C-LTMR module
720575940878957108,v1
720575940879773686,p2_noci
720575940880005762,v1
720575940880837650,v2
720575940880839442,Aδ-LTMR module
720575940880850833,p2_noci
720575940880875929,C-LTMR module
720575940881055666,r
720575940881607875,C-HTMR/Heat module
720575940881620931,C-LTMR module
720575940881844049,p2_noci
720575940881935185,v2
720575940881935355,C-HTMR/Heat module
720575940881936465,v2
720575940881936635,Aδ-HTMR module
720575940881974650,p2_poly
720575940882103072,p2_cold
720575940882117920,r
720575940882160356,v2
720575940882393805,p1
720575940882672796,v2
720575940883197911,C-LTMR module
720575940883198167,p2_cold
720575940883198679,v2
720575940883201751,r
720575940883729656,Aδ-LTMR module
720575940883900444,p2_poly
720575940884015788,p2_cold
720575940884057772,r
720575940884925028,r
720575940884939979,p2_noci
720575940885432678,v2
720575940886540578,v2
720575940886574602,p1
720575940886853257,Aδ-LTMR module
720575940887194266,p2_poly
720575940888165967,Aδ-LTMR module
720575940888216655,v1
720575940888731665,p2_noci
720575940888793178,r
720575940888793434,Aδ-HTMR module
720575940888799761,r
720575940888802138,p1
720575940888806490,C-LTMR module
720575940889238903,C-LTMR module
720575940889249143,Aδ-HTMR module
720575940889924328,v2
720575940889952699,p2_poly
720575940890018996,p2_poly
720575940890107704,v2
720575940890108216,v2
720575940890111288,v1
720575940890134196,Aδ-HTMR module
720575940890245126,C-LTMR module
720575940890704372,p2_poly
720575940890900801,Aδ-LTMR module
720575940890939713,p2_noci
720575940890962241,r
720575940891164342,C-HTMR/Heat module
720575940891181902,C-LTMR module
720575940891183798,C-LTMR module
720575940891184310,v1
720575940891185846,v1
720575940891518756,v2
720575940891783079,v2
720575940891783335,v1
720575940892204542,v1
720575940892205566,v1
720575940893156522,v1
720575940893395733,C-HTMR/Heat module
720575940894116163,v2
720575940894178664,C-HTMR/Heat module
720575940894563284,p2_noci
720575940894647347,C-HTMR/Heat module
720575940894647859,v2
720575940894662868,v2
720575940894664201,p2_cold
720575940894664404,r
720575940895281326,p2_noci
720575940895289006,Aδ-LTMR module
720575940895353262,C-HTMR/Heat module
720575940896702138,p2_noci
720575940896732090,Aδ-LTMR module
720575940896736698,C-HTMR/Heat module
720575940896872522,v1
720575940897454998,v2
720575940897460886,C-HTMR/Heat module
720575940898432765,p2_noci
720575940898677394,p2_cold
720575940898821041,p2_noci
720575940899153235,C-HTMR/Heat module
720575940899281090,C-LTMR module
720575940899282056,Aδ-HTMR module
720575940899283650,C-LTMR module
720575940899291016,v1
720575940899432749,v1
720575940899433005,v1
720575940899433261,v1
720575940899433517,v1
720575940899433773,v1
720575940899434029,v1
720575940899779727,p2_poly
720575940900033476,v1
720575940900956101,C-LTMR module
720575940900963269,v2
720575940901384751,C-LTMR module
720575940901717479,p2_cold
720575940902401208,p2_noci
720575940902518994,p2_noci
720575940902624978,Aδ-LTMR module
720575940902629074,r
720575940902634194,v2
720575940902703006,C-LTMR module
720575940903188925,r
720575940903370509,C-HTMR/Heat module
720575940903414541,v2
720575940903415565,r
720575940903679779,C-HTMR/Heat module
720575940903751971,v2
720575940904086480,C-HTMR/Heat module
720575940905041878,v2
720575940905042134,v2
720575940905042902,r
720575940905043670,r
720575940905043926,r
720575940905050934,p2_poly
720575940905061686,C-HTMR/Heat module
720575940906113851,C-LTMR module
720575940907584340,Aδ-LTMR module
720575940908386564,C-HTMR/Heat module
720575940908781145,C-LTMR module
720575940908782425,r
720575940909393947,C-HTMR/Heat module
720575940909769176,C-HTMR/Heat module
720575940909797811,v1
720575940909802419,p2_poly
720575940910295881,r
720575940910607129,v2
720575940912535686,C-HTMR/Heat module
720575940912929024,C-LTMR module
720575940913491825,p2_poly
720575940913573871,v2
720575940914014910,p2_poly
720575940914883824,C-HTMR/Heat module
720575940915253823,v2
720575940915256127,v2
720575940915578005,v1
720575940915676096,p2_noci
720575940916016480,C-HTMR/Heat module
720575940916299357,v2
720575940917098044,p2_poly
720575940917422227,Aδ-LTMR module
720575940917429907,Aδ-HTMR module
720575940917531755,v1
720575940917780131,C-LTMR module
720575940917852811,r
720575940917853067,v1
720575940917975893,v1
720575940918311989,p2_poly
720575940918316341,C-LTMR module
720575940918750769,C-HTMR/Heat module
720575940918815793,v1
720575940919632133,v1
720575940920027261,v1
720575940920037245,v1
720575940920044149,Aδ-HTMR module
720575940920054001,v2
720575940920456848,r
720575940920881320,v1
720575940921478163,p1
720575940921525267,v2
720575940922709290,C-HTMR/Heat module
720575940922795818,v1
720575940922949405,Aδ-HTMR module
720575940922957341,v2
720575940923272236,v2
720575940924182661,C-LTMR module
720575940924431938,p2_poly
720575940925790278,p2_cold
720575940927109144,C-HTMR/Heat module
720575940927184920,v1
720575940927244256,v1
720575940927244512,v1
720575940927244768,v1
720575940927248352,Aδ-LTMR module
720575940927796016,p2_cold
720575940928343548,r
720575940928355836,p1
720575940930825549,p2_poly
720575940930905464,C-LTMR module
720575940932846484,v1
720575940937221662,Aδ-HTMR module
720575940937848237,C-LTMR module
720575940937856941,v1
720575940937857965,r
720575940937862061,Aδ-LTMR module
720575940939715909,v2
720575940940380075,C-LTMR module
720575940940386475,p1
720575940941106028,Aδ-HTMR module
720575940941124460,Aδ-LTMR module
720575940946223236,r
720575940948987670,Aδ-LTMR module
720575940963340820,p2_noci
