neuron_id,hdbscan_cluster
720575940890704372,2
720575940881974650,2
720575940913491825,2
720575940889952699,2
720575940917098044,2
720575940902518994,1
720575940890939713,1
720575940963340820,1
720575940890018996,2
720575940883900444,2
720575940905050934,2
720575940924431938,2
720575940918311989,2
720575940887194266,2
720575940909802419,2
720575940930825549,2
720575940914014910,2
720575940884015788,0
720575940896702138,1
720575940898821041,1
720575940884939979,1
720575940902401208,1
720575940899779727,2
720575940898432765,1
720575940895281326,1
720575940915676096,1
720575940865160474,1
720575940879773686,1
720575940881844049,1
720575940888731665,1
720575940894563284,1
720575940880850833,1
720575940894664201,0
720575940898677394,0
720575940883198167,0
720575940927796016,0
720575940925790278,0
720575940875863357,0
720575940901717479,0
720575940882103072,0
