pt_root_id,sensory_type
720575940851372659,C-COLD
720575940851375219,C-COLD
720575940872856946,C-COLD
720575940878947380,C-COLD
720575940881127565,C-COLD
720575940881869307,C-COLD
720575940882649500,C-COLD
720575940882650524,C-COLD
720575940883734520,C-COLD
720575940890741967,C-COLD
720575940891185486,C-COLD
720575940893928949,C-COLD
720575940895196362,C-COLD
720575940895711219,C-COLD
720575940898861305,C-COLD
720575940899184211,C-COLD
720575940900244450,C-COLD
720575940901994222,C-COLD
720575940902302721,C-COLD
720575940902618322,C-COLD
720575940915281053,C-COLD
720575940927175960,C-COLD
720575940927275084,C-COLD
720575940937231134,C-COLD
720575940946141316,C-COLD
720575940847552365,ad-htmr
720575940868496536,ad-htmr
720575940869533454,ad-htmr
720575940882082080,ad-htmr
720575940884031660,ad-htmr
720575940884032172,ad-htmr
720575940884051238,ad-htmr
720575940884977867,ad-htmr
720575940887090394,ad-htmr
720575940891746215,ad-htmr
720575940893949822,ad-htmr
720575940897347842,ad-htmr
720575940902680734,ad-htmr
720575940903122154,ad-htmr
720575940912591238,ad-htmr
720575940917989973,ad-htmr
720575940919045143,ad-htmr
720575940922765354,ad-htmr
720575940924156549,ad-htmr
720575940924436802,ad-htmr
720575940941563158,ad-htmr
720575940861406706,adltmr
720575940879973250,adltmr
720575940881567427,adltmr
720575940887704904,adltmr
720575940888787983,adltmr
720575940893392149,adltmr
720575940894642644,adltmr
720575940894642900,adltmr
720575940899353473,adltmr
720575940900287353,adltmr
720575940902363320,adltmr
720575940903706403,adltmr
720575940909235164,adltmr
720575940909767128,adltmr
720575940909767384,adltmr
720575940913511793,adltmr
720575940919600645,adltmr
720575940940896383,adltmr
720575940862564127,c-htmr-p
720575940868757741,c-htmr-p
720575940874972385,c-htmr-p
720575940880896913,c-htmr-p
720575940881918801,c-htmr-p
720575940882520101,c-htmr-p
720575940888059760,c-htmr-p
720575940892182782,c-htmr-p
720575940893344533,c-htmr-p
720575940901971694,c-htmr-p
720575940905365705,c-htmr-p
720575940909392923,c-htmr-p
720575940910952353,c-htmr-p
720575940916233731,c-htmr-p
720575940918288693,c-htmr-p
720575940925744198,c-htmr-p
720575940927263052,c-htmr-p
720575940929691425,c-htmr-p
720575940935668092,c-htmr-p
720575940964330406,c-htmr-p
720575940859731351,cltmr
720575940862185831,cltmr
720575940880372359,cltmr
720575940882077216,cltmr
720575940886931959,cltmr
720575940887087578,cltmr
720575940889215863,cltmr
720575940891163574,cltmr
720575940893122730,cltmr
720575940893408011,cltmr
720575940902671774,cltmr
720575940910624444,cltmr
720575940914869232,cltmr
720575940918770481,cltmr
720575940918990151,cltmr
720575940927215328,cltmr
720575940864403212,mrgd
720575940864403724,mrgd
720575940884728634,mrgd
720575940886964617,mrgd
720575940889728101,mrgd
720575940892615796,mrgd
720575940893386005,mrgd
720575940899256770,mrgd
720575940901960430,mrgd
720575940911411305,mrgd
720575940915217983,mrgd
720575940915531157,mrgd
720575940915684544,mrgd
720575940915967584,mrgd
720575940920833705,mrgd
720575940921986112,mrgd
720575940927208416,mrgd
720575940941089388,mrgd
720575940882061434,sst
720575940882128356,sst
720575940882155492,sst
720575940883866908,sst
720575940884108031,sst
720575940884976331,sst
720575940887705416,sst
720575940891751079,sst
720575940893774059,sst
720575940895267018,sst
720575940900233186,sst
720575940900234978,sst
720575940905081398,sst
720575940911489471,sst
720575940918775345,sst
720575940920062581,sst
720575940927216096,sst
720575940930873976,sst
720575940861407986,ab-ltmr
720575940869534222,ab-ltmr
720575940871491897,ab-ltmr
720575940881272414,ab-ltmr
720575940881926778,ab-ltmr
720575940884949941,ab-ltmr
720575940886458045,ab-ltmr
720575940889166262,ab-ltmr
720575940889327333,ab-ltmr
720575940889794145,ab-ltmr
720575940890743247,ab-ltmr
720575940892205986,ab-ltmr
720575940893873415,ab-ltmr
720575940897114128,ab-ltmr
720575940898835143,ab-ltmr
720575940904258003,ab-ltmr
720575940905014486,ab-ltmr
720575940905014742,ab-ltmr
720575940905375945,ab-ltmr
720575940906283251,ab-ltmr
720575940917637910,ab-ltmr
720575940930944376,ab-ltmr
720575940932756628,ab-ltmr
720575940933768470,ab-ltmr
720575940936679190,ab-ltmr
