old_post_root_id,latest_post_root_id,sensory_like,post_output_n,post_input_n,passes_non_sensory_gt400
720575940859503767,720575940859503767,False,156,1576,True
720575940861429234,720575940861429234,False,193,1824,True
720575940862549791,720575940862549791,True,2152,437,False
720575940868491416,720575940868491416,False,189,1601,True
720575940869466075,720575940869466075,False,53,1378,True
720575940869485418,720575940869485418,False,209,1092,True
720575940869493610,720575940869493610,False,166,2436,True
720575940869549838,720575940869549838,False,101,1381,True
720575940870278275,720575940870278275,False,239,1241,True
720575940872826482,720575940872826482,False,184,1062,True
720575940877144923,720575940868534168,False,312,1578,True
720575940877501751,720575940877501751,False,307,1242,True
720575940878257275,720575940878257275,False,288,1804,True
720575940878978356,720575940878978356,False,715,2523,True
720575940879223020,720575940879223020,False,171,2152,True
720575940880362887,720575940877252872,False,479,1424,True
720575940880372359,720575940880372359,True,3046,630,False
720575940880413575,720575940880413575,False,159,2299,True
720575940880777234,720575940880777234,False,235,1044,True
720575940880820113,720575940880820113,False,776,1074,True
720575940880865945,720575940880865945,False,160,1719,True
720575940881422558,720575940881422558,False,31,1686,True
720575940881816400,720575940881816400,False,193,1719,True
720575940881833296,720575940881833296,False,188,932,True
720575940882070816,720575940882070816,False,218,2134,True
720575940882073120,720575940882073120,False,271,1179,True
720575940882077216,720575940882077216,True,1836,443,False
720575940882107424,720575940882107424,False,73,1576,True
720575940882124832,720575940882124832,False,29,1413,True
720575940882538078,720575940882538078,False,76,1574,True
720575940882543653,720575940882543653,False,86,1864,True
720575940883381854,720575940883381854,False,232,930,True
720575940883720696,720575940883720696,False,253,1153,True
720575940884043814,720575940880482439,False,231,1817,True
720575940884068390,720575940884068390,False,152,992,True
720575940884728634,720575940884728634,True,886,195,False
720575940885284545,720575940885284545,False,216,1337,True
720575940885291457,720575940885291457,False,224,1516,True
720575940886641418,720575940886641418,False,236,2512,True
720575940886931959,720575940886931959,True,2294,486,False
720575940887210934,720575940887210934,False,122,2531,True
720575940887272090,720575940887272090,False,223,976,True
720575940888964434,720575940888964434,False,237,612,True
720575940889195719,720575940889195719,False,96,1339,True
720575940889752933,720575940889752933,False,201,1030,True
720575940890007988,720575940890007988,False,74,1975,True
720575940890034870,720575940890034870,False,254,3452,True
720575940890256134,720575940890256134,False,36,862,True
720575940890755060,720575940890755060,False,229,1372,True
720575940891163574,720575940891163574,True,2769,620,False
720575940891526180,720575940891526180,False,172,1767,True
720575940892193698,720575940892193698,False,171,1058,True
720575940892229886,720575940892229886,False,524,1387,True
720575940892615796,720575940892615796,True,616,162,False
720575940892643444,720575940892643444,False,198,1208,True
720575940893122730,720575940893122730,True,2716,552,False
720575940893408011,720575940893408011,True,2458,496,False
720575940894186139,720575940894186139,False,196,2223,True
720575940894647347,720575940894647347,False,245,1164,True
720575940896011118,720575940896011118,False,138,2547,True
720575940896262583,720575940896262583,False,224,1536,True
720575940896446649,720575940896446649,False,105,2591,True
720575940896865098,720575940896865098,False,108,1452,True
720575940897392130,720575940897392130,False,189,1641,True
720575940898533373,720575940898533373,False,294,1240,True
720575940898699154,720575940898699154,False,121,1139,True
720575940898820551,720575940888867087,False,118,1425,True
720575940898822855,720575940898822855,False,225,1560,True
720575940899256770,720575940899256770,True,1590,374,False
720575940899283650,720575940899283650,False,679,1284,True
720575940899376569,720575940899376569,False,226,846,True
720575940899585200,720575940899585200,False,192,1629,True
720575940901672637,720575940901672637,False,163,4629,True
720575940901819367,720575940901819367,False,238,1881,True
720575940901960430,720575940901960430,True,1845,367,False
720575940902069014,720575940902069014,False,40,1459,True
720575940902339000,720575940902339000,False,151,1351,True
720575940902577106,720575940902577106,False,157,1634,True
720575940902671774,720575940902671774,True,2490,574,False
720575940903369229,720575940903369229,False,200,1635,True
720575940903415565,720575940903415565,False,396,1764,True
720575940903585571,720575940903585571,False,185,1294,True
720575940906312691,720575940862621983,False,508,1998,True
720575940906320115,720575940906320115,False,111,2108,True
720575940906748515,720575940906748515,False,64,1619,True
720575940908359360,720575940908359360,False,54,1538,True
720575940908363780,720575940908363780,False,48,1006,True
720575940909203676,720575940909203676,False,210,1999,True
720575940909393947,720575940909393947,False,306,999,True
720575940909806296,720575940909806296,False,197,2263,True
720575940910911137,720575940910911137,False,75,1730,True
720575940911409257,720575940911409257,False,207,1005,True
720575940911461737,720575940911461737,False,185,995,True
720575940912622214,720575940912622214,False,144,1509,True
720575940912623494,720575940912623494,False,94,1594,True
720575940912917504,720575940912917504,False,107,1739,True
720575940912929024,720575940912929024,False,838,2242,True
720575940914046398,720575940914046398,False,313,1401,True
720575940914869232,720575940914869232,True,2132,584,False
720575940915341725,720575940915341725,False,208,1092,True
720575940915367069,720575940915367069,False,122,1336,True
720575940915523221,720575940915523221,False,203,977,True
720575940915531157,720575940915531157,True,343,131,False
720575940915684544,720575940915684544,True,1314,297,False
720575940915967584,720575940915967584,True,1659,338,False
720575940916014944,720575940916014944,False,224,1173,True
720575940916192771,720575940916192771,False,56,986,True
720575940916894530,720575940916894530,False,67,1140,True
720575940917422227,720575940917422227,False,499,1091,True
720575940917547115,720575940917547115,False,224,2063,True
720575940917619551,720575940917619551,False,106,1600,True
720575940917785507,720575940889883489,False,670,844,True
720575940918264373,720575940918264373,False,186,1575,True
720575940918770481,720575940918770481,True,2347,398,False
720575940918990151,720575940918990151,True,3133,686,False
720575940920055925,720575940920055925,False,182,1770,True
720575940920107637,720575940920107637,False,148,2835,True
720575940920833705,720575940920833705,True,1306,358,False
720575940920894121,720575940920894121,False,164,926,True
720575940921200846,720575940921200846,False,266,940,True
720575940921526035,720575940921526035,False,245,1440,True
720575940921986112,720575940921986112,True,1438,369,False
720575940921992256,720575940886964617,True,586,168,False
720575940922958792,720575940859731351,True,2735,605,False
720575940923659356,720575940923659356,False,707,999,True
720575940924182661,720575940924182661,False,764,1627,True
720575940924259679,720575940924259679,True,174,57,False
720575940924432194,720575940924432194,False,208,1499,True
720575940926204046,720575940926204046,False,74,1586,True
720575940926204302,720575940926204302,False,186,1657,True
720575940927200224,720575940927200224,False,196,1612,True
720575940927215328,720575940927215328,True,2139,537,False
720575940927266892,720575940927266892,False,141,1271,True
720575940929589242,720575940929589242,False,202,1743,True
720575940929741846,720575940929741846,False,79,974,True
720575940930825549,720575940930825549,False,165,2763,True
720575940932842132,720575940932842132,False,172,1765,True
720575940936858436,720575940936858436,False,161,1609,True
720575940939665989,720575940939665989,False,171,856,True
720575940941089388,720575940941089388,True,1815,484,False
720575940941134700,720575940941134700,False,49,1463,True
720575940952196116,720575940952196116,False,113,1578,True
720575940964357030,720575940964357030,False,276,2042,True
