tag,dend_coord,axon_coord,dend_root_id,axon_root_id,compartments_split
islet-chtmr,29155_3903_1758,29320_4453_1733,720575940873509950,720575940868783341,True
islet-chtmr,24104_3598_1701,24306_3929_1314,720575940893307467,720575940919043399,True
islet-chtmr,26320_3381_1543,27344_3514_1565,720575940940453547,720575940905401289,True
islet-chtmr,22589_3518_2073,22490_3798_2283,720575940912627846,720575940937876909,True
islet-chtmr,24558_3736_2265,24461_3600_2248,720575940875009249,720575940877168648,True
islet-chtmr,30837_4276_976,30532_4598_1070,720575940868783597,720575940893449483,True
islet-cltmr,25430_4764_1460,25384_4074_1605,720575940891538468,720575940902330369,True
islet-cltmr,22476_4688_1997,21636_4289_2083,720575940865241882,720575940865241882,False
islet-cltmr,24266_4298_1651,23751_4351_1605,720575940949050646,720575940949050646,False
islet-cltmr,27950_4274_1601,27295_4519_1330,720575940877168904,720575940900275170,True
islet-cltmr,28063_4731_1501,29556_5160_1151,720575940915389853,720575940871620153,True
islet-cltmr,32924_5320_1118,32485_5455_1334,720575940894200219,720575940920897193,True
islet-adltmr,43805_6509_1651,44973_7063_1558,720575940915390109,720575940891043137,True
islet-adltmr,44611_6738_1017,44111_5787_1151,720575940859668375,720575940883912476,True
islet-adltmr,12157_5778_1731,13153_5700_2154,720575940879241452,720575940881949777,True
islet-adltmr,24510_4268_832,24136_3911_1002,720575940896891466,720575940870692182,True
islet-adltmr,40863_5761_1321,41727_5321_1579,720575940892190818,720575940847595117,True
islet-adltmr,20825_5711_2247,20994_6297_2199,720575940915390365,720575940881834576,True
ad-htmr,37934_6202_141,37545_5805_202,720575940879813622,720575940887754056,True
ad-htmr,27837_3887_654,28033_3647_860,720575940951311655,720575940877569847,True
ad-htmr,17933_2855_2476,17947_3091_2607,720575940900275426,720575940916312157,True
ad-htmr,37209_4746_2029,37322_4281_2284,720575940880043650,720575940897166352,True
ad-htmr,24389_3216_2237,23742_3073_2451,720575940955236696,720575940888538572,True
ad-htmr,22054_2885_2756,22409_3328_2752,720575940881950033,720575940935700348,True
ad-htmr,30563_3134_541,31190_3277_663,720575940875009761,720575940873510206,True
ad-htmr,41785_5171_3367,41698_5563_3288,720575940878349179,720575940888148336,True
ad-htmr,25781_3130_2539,24860_3081_2535,720575940889785957,720575940886558498,True
IN-abltmr,21132_6350_1717,20865_6333_1860,720575940927273184,720575940878308395,True
IN-abltmr,33216_5542_1906,33846_5892_2023,720575940878308651,720575940927273440,True
IN-abltmr,39553_6229_1828,40213_6044_1971,720575940881841232,720575940906335987,True
IN-abltmr,24034_4463_1828,23552_5086_1889,720575940869591310,720575940890985281,True
IN-abltmr,23148_5663_1820,22621_5670_1734,720575940881955665,720575940886922889,True
IN-abltmr,31482_7171_2691,31625_7951_2271,720575940875210327,720575940865215953,True
IN-abltmr,25594_8136_1254,25853_8317_1536,720575940900058564,720575940916035168,True
