tag,pre_root_id,post_root_id,n_synapses,kind,sensory_like,post_output_n,post_input_n,post_target_sensory_frac
islet-chtmr,720575940868783597,720575940889192823,26,dendrite_pre,,,,0.5046296296296297
islet-chtmr,720575940868783597,720575940897305090,26,dendrite_pre,,,,0.8394648829431438
islet-chtmr,720575940868783597,720575940892112738,25,dendrite_pre,,,,0.838006230529595
islet-chtmr,720575940868783597,720575940892017863,25,dendrite_pre,,,,0.6850870552611658
islet-chtmr,720575940868783597,720575940896819018,23,dendrite_pre,,,,0.9298780487804879
islet-chtmr,720575940868783597,720575940940910975,19,dendrite_pre,,,,0.8786279683377308
islet-chtmr,720575940868783597,720575940894647347,19,dendrite_pre,,,,0.7820895522388059
islet-chtmr,720575940868783597,720575940875785533,18,dendrite_pre,,,,0.8027681660899654
islet-chtmr,720575940868783597,720575940890204422,18,dendrite_pre,,,,0.6530837004405287
islet-chtmr,720575940868783597,720575940919582469,17,dendrite_pre,,,,0.8759894459102903
islet-chtmr,720575940868783597,720575940883381854,17,dendrite_pre,,,,0.6666666666666666
islet-chtmr,720575940868783597,720575940921200846,17,dendrite_pre,,,,0.9233716475095786
islet-chtmr,720575940868783597,720575940899376313,15,dendrite_pre,,,,0.8731343283582089
islet-chtmr,720575940868783597,720575940880777234,14,dendrite_pre,,,,0.7986798679867987
islet-chtmr,720575940868783597,720575940920835240,14,dendrite_pre,,,,0.8811188811188811
islet-chtmr,720575940868783597,720575940899376569,14,dendrite_pre,,,,0.91701244813278
islet-chtmr,720575940868783597,720575940892307143,13,dendrite_pre,,,,0.8251748251748252
islet-chtmr,720575940868783597,720575940915523221,13,dendrite_pre,,,,0.8226415094339623
islet-chtmr,720575940868783597,720575940892323527,11,dendrite_pre,,,,0.8861111111111111
islet-chtmr,720575940868783597,720575940885291457,11,dendrite_pre,,,,0.5023584905660378
islet-chtmr,720575940868783597,720575940904249043,11,dendrite_pre,,,,0.7186311787072244
islet-chtmr,720575940868783597,720575940894178664,10,dendrite_pre,,,,0.6899441340782123
islet-chtmr,720575940868783597,720575940877501751,10,dendrite_pre,,,,0.6735905044510386
islet-chtmr,720575940868783597,720575940888964434,10,dendrite_pre,,,,0.948905109489051
islet-chtmr,720575940868783597,720575940885782942,10,dendrite_pre,,,,0.6891271056661562
islet-chtmr,720575940868783597,720575940882038048,9,dendrite_pre,,,,0.88
islet-chtmr,720575940868783597,720575940939665989,9,dendrite_pre,,,,0.7338709677419355
islet-chtmr,720575940868783597,720575940915341725,8,dendrite_pre,,,,0.7491166077738516
islet-chtmr,720575940868783597,720575940898816761,8,dendrite_pre,,,,0.7555555555555555
islet-chtmr,720575940868783597,720575940909179612,8,dendrite_pre,,,,0.797979797979798
islet-chtmr,720575940868783597,720575940892109511,8,dendrite_pre,,,,0.5753846153846154
islet-chtmr,720575940868783597,720575940886975223,8,dendrite_pre,,,,0.8294314381270903
islet-chtmr,720575940868783597,720575940881833296,7,dendrite_pre,,,,0.8676923076923077
islet-chtmr,720575940868783597,720575940882124320,7,dendrite_pre,,,,0.4888392857142857
islet-chtmr,720575940868783597,720575940868694509,7,dendrite_pre,,,,0.4372623574144487
islet-chtmr,720575940868783597,720575940912535686,6,dendrite_pre,,,,0.7951388888888888
islet-chtmr,720575940868783597,720575940902007534,6,dendrite_pre,,,,0.6329113924050633
islet-chtmr,720575940868783597,720575940927109144,6,dendrite_pre,,,,0.8658318425760286
islet-chtmr,720575940868783597,720575940893864945,6,dendrite_pre,,,,0.8211818879508825
islet-chtmr,720575940868783597,720575940936008358,5,dendrite_pre,,,,0.7774725274725275
islet-chtmr,720575940868783597,720575940903370509,5,dendrite_pre,,,,0.8131487889273357
islet-chtmr,720575940868783597,720575940882073120,5,dendrite_pre,,,,0.7321937321937322
islet-chtmr,720575940868783597,720575940891164342,5,dendrite_pre,,,,0.7923076923076923
islet-chtmr,720575940868783597,720575940915203391,5,dendrite_pre,,,,0.825974025974026
islet-chtmr,720575940868783597,720575940897240066,5,dendrite_pre,,,,0.7657407407407407
islet-chtmr,720575940868783597,720575940889767009,5,dendrite_pre,,,,0.7955390334572491
IN-abltmr,720575940869591310,720575940928347132,33,dendrite_pre,,,,0.34415584415584416
IN-abltmr,720575940869591310,720575940878312571,17,dendrite_pre,,,,0.13074204946996468
IN-abltmr,720575940869591310,720575940891183798,17,dendrite_pre,,,,0.01276595744680851
IN-abltmr,720575940869591310,720575940891181902,14,dendrite_pre,,,,0.007556675062972292
IN-abltmr,720575940869591310,720575940919917041,6,dendrite_pre,,,,0.6116838487972509
IN-abltmr,720575940869591310,720575940885095808,6,dendrite_pre,,,,0.007246376811594203
IN-abltmr,720575940869591310,720575940900956101,5,dendrite_pre,,,,0.008733624454148471
IN-abltmr,720575940869591310,720575940908781145,5,dendrite_pre,,,,0.01078167115902965
IN-abltmr,720575940869591310,720575940878956340,5,dendrite_pre,,,,0.016317016317016316
islet-chtmr,720575940873509950,720575940875116119,32,dendrite_pre,,,,0.8980582524271845
islet-chtmr,720575940873509950,720575940882038048,32,dendrite_pre,,,,0.88
islet-chtmr,720575940873509950,720575940936008358,26,dendrite_pre,,,,0.7774725274725275
islet-chtmr,720575940873509950,720575940899143251,25,dendrite_pre,,,,0.8387096774193549
islet-chtmr,720575940873509950,720575940894647347,24,dendrite_pre,,,,0.7820895522388059
islet-chtmr,720575940873509950,720575940877129819,23,dendrite_pre,,,,0.7598086124401914
islet-chtmr,720575940873509950,720575940912535686,22,dendrite_pre,,,,0.7951388888888888
islet-chtmr,720575940873509950,720575940950757652,21,dendrite_pre,,,,0.8495297805642633
islet-chtmr,720575940873509950,720575940883543461,20,dendrite_pre,,,,0.7896551724137931
islet-chtmr,720575940873509950,720575940922709290,17,dendrite_pre,,,,0.796969696969697
islet-chtmr,720575940873509950,720575940902331832,17,dendrite_pre,,,,0.6363636363636364
islet-chtmr,720575940873509950,720575940927109144,16,dendrite_pre,,,,0.8658318425760286
islet-chtmr,720575940873509950,720575940903679779,16,dendrite_pre,,,,0.8227848101265823
islet-chtmr,720575940873509950,720575940887272090,16,dendrite_pre,,,,0.7595419847328244
islet-chtmr,720575940873509950,720575940862216039,16,dendrite_pre,,,,0.7519553072625699
islet-chtmr,720575940873509950,720575940909769176,15,dendrite_pre,,,,0.774869109947644
islet-chtmr,720575940873509950,720575940899584944,15,dendrite_pre,,,,0.6504559270516718
islet-chtmr,720575940873509950,720575940921200846,14,dendrite_pre,,,,0.9233716475095786
islet-chtmr,720575940873509950,720575940891164342,14,dendrite_pre,,,,0.7923076923076923
islet-chtmr,720575940873509950,720575940902703089,13,dendrite_pre,,,,0.7662337662337663
islet-chtmr,720575940873509950,720575940908057073,13,dendrite_pre,,,,0.7626506024096386
islet-chtmr,720575940873509950,720575940862140007,13,dendrite_pre,,,,0.49206349206349204
islet-chtmr,720575940873509950,720575940940910975,12,dendrite_pre,,,,0.8786279683377308
islet-chtmr,720575940873509950,720575940902007534,12,dendrite_pre,,,,0.6329113924050633
islet-chtmr,720575940873509950,720575940883720696,10,dendrite_pre,,,,0.742296918767507
islet-chtmr,720575940873509950,720575940883025885,10,dendrite_pre,,,,0.7451612903225806
islet-chtmr,720575940873509950,720575940904086480,10,dendrite_pre,,,,0.8743455497382199
islet-chtmr,720575940873509950,720575940872826482,9,dendrite_pre,,,,0.899390243902439
islet-chtmr,720575940873509950,720575940908363780,9,dendrite_pre,,,,0.8526011560693642
islet-chtmr,720575940873509950,720575940882124320,9,dendrite_pre,,,,0.4888392857142857
islet-chtmr,720575940873509950,720575940898393587,8,dendrite_pre,,,,0.6937269372693727
islet-chtmr,720575940873509950,720575940907061033,8,dendrite_pre,,,,0.8575949367088608
islet-chtmr,720575940873509950,720575940914883824,8,dendrite_pre,,,,0.8898809523809523
islet-chtmr,720575940873509950,720575940927253324,8,dendrite_pre,,,,0.75
islet-chtmr,720575940873509950,720575940929741846,7,dendrite_pre,,,,0.7741935483870968
islet-chtmr,720575940873509950,720575940898816761,7,dendrite_pre,,,,0.7555555555555555
islet-chtmr,720575940873509950,720575940920848808,7,dendrite_pre,,,,0.9088235294117647
islet-chtmr,720575940873509950,720575940869481691,7,dendrite_pre,,,,0.3993174061433447
islet-chtmr,720575940873509950,720575940897151504,6,dendrite_pre,,,,0.3730886850152905
islet-chtmr,720575940873509950,720575940896863175,6,dendrite_pre,,,,0.6915422885572139
islet-chtmr,720575940873509950,720575940896687815,5,dendrite_pre,,,,0.7397260273972602
islet-chtmr,720575940873509950,720575940880820113,5,dendrite_pre,,,,0.597444089456869
islet-chtmr,720575940873509950,720575940918873695,5,dendrite_pre,,,,0.5108695652173914
islet-chtmr,720575940873509950,720575940923659356,5,dendrite_pre,,,,0.5725806451612904
islet-chtmr,720575940873509950,720575940927174424,5,dendrite_pre,,,,0.7176105508145849
islet-chtmr,720575940873509950,720575940892592500,5,dendrite_pre,,,,0.3248259860788863
islet-chtmr,720575940875009249,720575940920894121,30,dendrite_pre,,,,0.9376947040498442
islet-chtmr,720575940875009249,720575940908057073,24,dendrite_pre,,,,0.7626506024096386
islet-chtmr,720575940875009249,720575940922709290,21,dendrite_pre,,,,0.796969696969697
islet-chtmr,720575940875009249,720575940884068390,21,dendrite_pre,,,,0.8606060606060606
islet-chtmr,720575940875009249,720575940905061686,20,dendrite_pre,,,,0.8373702422145328
islet-chtmr,720575940875009249,720575940875116119,20,dendrite_pre,,,,0.8980582524271845
islet-chtmr,720575940875009249,720575940883533733,20,dendrite_pre,,,,0.7946428571428571
islet-chtmr,720575940875009249,720575940882525989,18,dendrite_pre,,,,0.8613138686131386
islet-chtmr,720575940875009249,720575940920848808,18,dendrite_pre,,,,0.9088235294117647
islet-chtmr,720575940875009249,720575940904086480,18,dendrite_pre,,,,0.8743455497382199
islet-chtmr,720575940875009249,720575940909769176,16,dendrite_pre,,,,0.774869109947644
islet-chtmr,720575940875009249,720575940913308862,14,dendrite_pre,,,,0.867595818815331
islet-chtmr,720575940875009249,720575940919612933,14,dendrite_pre,,,,0.9169675090252708
islet-chtmr,720575940875009249,720575940888206927,13,dendrite_pre,,,,0.8012820512820513
islet-chtmr,720575940875009249,720575940869510158,13,dendrite_pre,,,,0.8218390804597702
islet-chtmr,720575940875009249,720575940903679779,13,dendrite_pre,,,,0.8227848101265823
islet-chtmr,720575940875009249,720575940895686440,11,dendrite_pre,,,,0.5131578947368421
islet-chtmr,720575940875009249,720575940882152932,10,dendrite_pre,,,,0.35755813953488375
islet-chtmr,720575940875009249,720575940877000795,10,dendrite_pre,,,,0.9696048632218845
islet-chtmr,720575940875009249,720575940924148613,10,dendrite_pre,,,,0.6755162241887905
islet-chtmr,720575940875009249,720575940898477757,9,dendrite_pre,,,,0.6385696040868455
islet-chtmr,720575940875009249,720575940918750769,9,dendrite_pre,,,,0.4243421052631579
islet-chtmr,720575940875009249,720575940890618063,9,dendrite_pre,,,,0.5141752577319587
islet-chtmr,720575940875009249,720575940894178664,8,dendrite_pre,,,,0.6899441340782123
islet-chtmr,720575940875009249,720575940884787258,8,dendrite_pre,,,,0.5139442231075697
islet-chtmr,720575940875009249,720575940906164189,8,dendrite_pre,,,,0.3992932862190813
islet-chtmr,720575940875009249,720575940865183697,8,dendrite_pre,,,,0.9220338983050848
islet-chtmr,720575940875009249,720575940916016480,8,dendrite_pre,,,,0.5472312703583062
islet-chtmr,720575940875009249,720575940916192771,7,dendrite_pre,,,,0.8714733542319749
islet-chtmr,720575940875009249,720575940892652404,7,dendrite_pre,,,,0.6166134185303515
islet-chtmr,720575940875009249,720575940893395733,7,dendrite_pre,,,,0.929510155316607
islet-chtmr,720575940875009249,720575940869443690,7,dendrite_pre,,,,0.6167341430499326
islet-chtmr,720575940875009249,720575940908386564,6,dendrite_pre,,,,0.7947019867549668
islet-chtmr,720575940875009249,720575940886926839,6,dendrite_pre,,,,0.7951388888888888
islet-chtmr,720575940875009249,720575940936905540,6,dendrite_pre,,,,0.48842592592592593
islet-chtmr,720575940875009249,720575940899257026,6,dendrite_pre,,,,0.8987654320987655
islet-chtmr,720575940875009249,720575940865106970,5,dendrite_pre,,,,0.9571865443425076
islet-chtmr,720575940875009249,720575940878916148,5,dendrite_pre,,,,0.6099585062240664
islet-chtmr,720575940875009249,720575940929741846,5,dendrite_pre,,,,0.7741935483870968
islet-chtmr,720575940875009249,720575940899153235,5,dendrite_pre,,,,0.8181818181818182
islet-chtmr,720575940875009249,720575940897381378,5,dendrite_pre,,,,0.45930232558139533
islet-chtmr,720575940875009249,720575940906054459,5,dendrite_pre,,,,0.8646496815286624
islet-chtmr,720575940875009249,720575940871503673,5,dendrite_pre,,,,0.7162534435261708
islet-chtmr,720575940875009249,720575940914883824,5,dendrite_pre,,,,0.8898809523809523
islet-cltmr,720575940875009505,720575940926204302,33,dendrite_pre,,,,0.8853868194842407
islet-cltmr,720575940875009505,720575940877106267,21,dendrite_pre,,,,0.6902173913043478
islet-cltmr,720575940875009505,720575940940380075,20,dendrite_pre,,,,0.8955613577023499
islet-cltmr,720575940875009505,720575940888525260,18,dendrite_pre,,,,0.9287531806615776
islet-cltmr,720575940875009505,720575940880865945,18,dendrite_pre,,,,0.733502538071066
islet-cltmr,720575940875009505,720575940883898652,18,dendrite_pre,,,,0.9430485762144054
islet-cltmr,720575940875009505,720575940903369229,18,dendrite_pre,,,,0.8603988603988604
islet-cltmr,720575940875009505,720575940890204422,17,dendrite_pre,,,,0.20814977973568283
islet-cltmr,720575940875009505,720575940897150224,16,dendrite_pre,,,,0.893223819301848
islet-cltmr,720575940875009505,720575940886540834,15,dendrite_pre,,,,0.8150406504065041
islet-cltmr,720575940875009505,720575940879220460,15,dendrite_pre,,,,0.8567774936061381
islet-cltmr,720575940875009505,720575940909806296,13,dendrite_pre,,,,0.6933701657458563
islet-cltmr,720575940875009505,720575940896819018,13,dendrite_pre,,,,0.01524390243902439
islet-cltmr,720575940875009505,720575940914883824,13,dendrite_pre,,,,0.05654761904761905
islet-cltmr,720575940875009505,720575940908386564,12,dendrite_pre,,,,0.09933774834437085
islet-cltmr,720575940875009505,720575940924182661,12,dendrite_pre,,,,0.9128205128205128
islet-cltmr,720575940875009505,720575940919582469,12,dendrite_pre,,,,0.06860158311345646
islet-cltmr,720575940875009505,720575940908781145,11,dendrite_pre,,,,0.8921832884097035
islet-cltmr,720575940875009505,720575940878257275,10,dendrite_pre,,,,0.927570093457944
islet-cltmr,720575940875009505,720575940895353262,10,dendrite_pre,,,,0.3507692307692308
islet-cltmr,720575940875009505,720575940891181902,10,dendrite_pre,,,,0.9093198992443325
islet-cltmr,720575940875009505,720575940926204046,10,dendrite_pre,,,,0.9136842105263158
islet-cltmr,720575940875009505,720575940878956340,10,dendrite_pre,,,,0.8671328671328671
islet-cltmr,720575940875009505,720575940892017863,9,dendrite_pre,,,,0.1642694928084784
islet-cltmr,720575940875009505,720575940922814762,8,dendrite_pre,,,,0.9473684210526315
islet-cltmr,720575940875009505,720575940932842132,8,dendrite_pre,,,,0.9325301204819277
islet-cltmr,720575940875009505,720575940912622214,8,dendrite_pre,,,,0.9216710182767625
islet-cltmr,720575940875009505,720575940881833296,8,dendrite_pre,,,,0.08
islet-cltmr,720575940875009505,720575940900956101,8,dendrite_pre,,,,0.9082969432314411
islet-cltmr,720575940875009505,720575940936954692,8,dendrite_pre,,,,0.5964912280701754
islet-cltmr,720575940875009505,720575940897404162,8,dendrite_pre,,,,0.31347962382445144
islet-cltmr,720575940875009505,720575940921526035,7,dendrite_pre,,,,0.9782608695652174
islet-cltmr,720575940875009505,720575940903370509,7,dendrite_pre,,,,0.0530565167243368
islet-cltmr,720575940875009505,720575940861429234,7,dendrite_pre,,,,0.9546279491833031
islet-cltmr,720575940875009505,720575940892653428,7,dendrite_pre,,,,0.8154613466334164
islet-cltmr,720575940875009505,720575940899153235,7,dendrite_pre,,,,0.09427609427609428
islet-cltmr,720575940875009505,720575940881422558,7,dendrite_pre,,,,0.6265560165975104
islet-cltmr,720575940875009505,720575940903679779,7,dendrite_pre,,,,0.11708860759493671
islet-cltmr,720575940875009505,720575940869443690,7,dendrite_pre,,,,0.19838056680161945
islet-cltmr,720575940875009505,720575940896248247,7,dendrite_pre,,,,0.5413223140495868
islet-cltmr,720575940875009505,720575940906320115,7,dendrite_pre,,,,0.8141809290953546
islet-cltmr,720575940875009505,720575940878303531,6,dendrite_pre,,,,0.6710097719869706
islet-cltmr,720575940875009505,720575940886926839,6,dendrite_pre,,,,0.13194444444444445
islet-cltmr,720575940875009505,720575940890245126,6,dendrite_pre,,,,0.6898148148148148
islet-cltmr,720575940875009505,720575940890755060,6,dendrite_pre,,,,0.9034749034749034
islet-cltmr,720575940875009505,720575940898841849,6,dendrite_pre,,,,0.5783475783475783
islet-cltmr,720575940875009505,720575940893177002,6,dendrite_pre,,,,0.7401574803149606
islet-cltmr,720575940875009505,720575940868534168,5,dendrite_pre,,,,0.8820754716981132
islet-cltmr,720575940875009505,720575940879223020,5,dendrite_pre,,,,0.8396551724137931
islet-cltmr,720575940875009505,720575940883720696,5,dendrite_pre,,,,0.18487394957983194
islet-cltmr,720575940875009505,720575940899281090,5,dendrite_pre,,,,0.7443946188340808
IN-abltmr,720575940875210327,720575940890034870,5,dendrite_pre,,,,0.6688453159041394
islet-cltmr,720575940877168904,720575940887131610,38,dendrite_pre,,,,0.7896613190730838
islet-cltmr,720575940877168904,720575940930905464,36,dendrite_pre,,,,0.8086021505376344
islet-cltmr,720575940877168904,720575940917787299,34,dendrite_pre,,,,0.7461300309597523
islet-cltmr,720575940877168904,720575940880482439,25,dendrite_pre,,,,0.9420289855072463
islet-cltmr,720575940877168904,720575940917097276,24,dendrite_pre,,,,0.8631284916201117
islet-cltmr,720575940877168904,720575940878978356,21,dendrite_pre,,,,0.8315334773218143
islet-cltmr,720575940877168904,720575940897392130,21,dendrite_pre,,,,0.9366197183098591
islet-cltmr,720575940877168904,720575940924432194,20,dendrite_pre,,,,0.8431372549019608
islet-cltmr,720575940877168904,720575940881620931,19,dendrite_pre,,,,0.8184615384615385
islet-cltmr,720575940877168904,720575940921263822,19,dendrite_pre,,,,0.8258064516129032
islet-cltmr,720575940877168904,720575940883197911,19,dendrite_pre,,,,0.835
islet-cltmr,720575940877168904,720575940927200224,18,dendrite_pre,,,,0.739247311827957
islet-cltmr,720575940877168904,720575940878303531,18,dendrite_pre,,,,0.6710097719869706
islet-cltmr,720575940877168904,720575940868491416,16,dendrite_pre,,,,0.7213740458015268
islet-cltmr,720575940877168904,720575940909203676,16,dendrite_pre,,,,0.9030303030303031
islet-cltmr,720575940877168904,720575940917547115,15,dendrite_pre,,,,0.911275415896488
islet-cltmr,720575940877168904,720575940940380075,15,dendrite_pre,,,,0.8955613577023499
islet-cltmr,720575940877168904,720575940901819367,15,dendrite_pre,,,,0.9118329466357309
islet-cltmr,720575940877168904,720575940911532223,14,dendrite_pre,,,,0.8915094339622641
islet-cltmr,720575940877168904,720575940896865098,14,dendrite_pre,,,,0.8983516483516484
islet-cltmr,720575940877168904,720575940906423858,13,dendrite_pre,,,,0.772635814889336
islet-cltmr,720575940877168904,720575940912929024,13,dendrite_pre,,,,0.7708703374777975
islet-cltmr,720575940877168904,720575940861450226,12,dendrite_pre,,,,0.8530701754385965
islet-cltmr,720575940877168904,720575940891181902,11,dendrite_pre,,,,0.9093198992443325
islet-cltmr,720575940877168904,720575940880413575,11,dendrite_pre,,,,0.7893660531697342
islet-cltmr,720575940877168904,720575940876302815,11,dendrite_pre,,,,0.8941605839416058
islet-cltmr,720575940877168904,720575940894186139,11,dendrite_pre,,,,0.6982758620689655
islet-cltmr,720575940877168904,720575940882105316,11,dendrite_pre,,,,0.8839285714285714
islet-cltmr,720575940877168904,720575940886641418,11,dendrite_pre,,,,0.8089430894308943
islet-cltmr,720575940877168904,720575940929589242,11,dendrite_pre,,,,0.8662131519274376
islet-cltmr,720575940877168904,720575940892229886,10,dendrite_pre,,,,0.48484848484848486
islet-cltmr,720575940877168904,720575940920055925,10,dendrite_pre,,,,0.8837719298245614
islet-cltmr,720575940877168904,720575940893177002,10,dendrite_pre,,,,0.7401574803149606
islet-cltmr,720575940877168904,720575940900956101,9,dendrite_pre,,,,0.9082969432314411
islet-cltmr,720575940877168904,720575940899585200,9,dendrite_pre,,,,0.9031413612565445
islet-cltmr,720575940877168904,720575940897404162,8,dendrite_pre,,,,0.31347962382445144
islet-cltmr,720575940877168904,720575940899281090,8,dendrite_pre,,,,0.7443946188340808
islet-cltmr,720575940877168904,720575940898822855,8,dendrite_pre,,,,0.6730158730158731
islet-cltmr,720575940877168904,720575940891183798,8,dendrite_pre,,,,0.8042553191489362
islet-cltmr,720575940877168904,720575940915578261,8,dendrite_pre,,,,0.8861047835990888
islet-cltmr,720575940877168904,720575940862216039,7,dendrite_pre,,,,0.1318435754189944
islet-cltmr,720575940877168904,720575940898533373,7,dendrite_pre,,,,0.49746192893401014
islet-cltmr,720575940877168904,720575940870278275,7,dendrite_pre,,,,0.9402985074626866
islet-cltmr,720575940877168904,720575940915367069,7,dendrite_pre,,,,0.954954954954955
islet-cltmr,720575940877168904,720575940869493610,7,dendrite_pre,,,,0.37209302325581395
islet-cltmr,720575940877168904,720575940898477757,7,dendrite_pre,,,,0.12132822477650064
islet-cltmr,720575940877168904,720575940888206927,6,dendrite_pre,,,,0.08974358974358974
islet-cltmr,720575940877168904,720575940914046398,6,dendrite_pre,,,,0.5833333333333334
islet-cltmr,720575940877168904,720575940899283650,6,dendrite_pre,,,,0.8532110091743119
islet-cltmr,720575940877168904,720575940892643444,6,dendrite_pre,,,,0.8702290076335878
islet-cltmr,720575940877168904,720575940888995958,5,dendrite_pre,,,,0.13114754098360656
islet-cltmr,720575940877168904,720575940908359360,5,dendrite_pre,,,,0.417910447761194
islet-cltmr,720575940877168904,720575940870273155,5,dendrite_pre,,,,0.23776223776223776
islet-cltmr,720575940877168904,720575940909806296,5,dendrite_pre,,,,0.6933701657458563
islet-cltmr,720575940877168904,720575940907061033,5,dendrite_pre,,,,0.08860759493670886
islet-cltmr,720575940877168904,720575940862140007,5,dendrite_pre,,,,0.29523809523809524
islet-cltmr,720575940877168904,720575940888933494,5,dendrite_pre,,,,0.14587155963302753
islet-cltmr,720575940877168904,720575940920886441,5,dendrite_pre,,,,0.5447154471544715
islet-cltmr,720575940877168904,720575940899465920,5,dendrite_pre,,,,0.6875
islet-cltmr,720575940877168904,720575940890618063,5,dendrite_pre,,,,0.05025773195876289
IN-abltmr,720575940878308651,720575940900889280,12,dendrite_pre,,,,0.08798017348203221
islet-adltmr,720575940879241452,720575940955177304,5,dendrite_pre,,,,0.17770034843205576
islet-adltmr,720575940879241452,720575940889223606,5,dendrite_pre,,,,0.5210843373493976
IN-abltmr,720575940881955665,720575940886279076,14,dendrite_pre,,,,0.6626984126984127
IN-abltmr,720575940881955665,720575940896890954,13,dendrite_pre,,,,0.24372759856630824
IN-abltmr,720575940881955665,720575940917422227,8,dendrite_pre,,,,0.03398058252427184
IN-abltmr,720575940881955665,720575940945591318,7,dendrite_pre,,,,0.023809523809523808
IN-abltmr,720575940881955665,720575940921263822,7,dendrite_pre,,,,0.0032258064516129032
IN-abltmr,720575940881955665,720575940911532223,6,dendrite_pre,,,,0.009433962264150943
IN-abltmr,720575940881955665,720575940916014944,6,dendrite_pre,,,,0.1853448275862069
IN-abltmr,720575940881955665,720575940887131610,6,dendrite_pre,,,,0.0
IN-abltmr,720575940881955665,720575940946690582,5,dendrite_pre,,,,0.00909090909090909
ad-htmr,720575940882688412,720575940900889280,9,dendrite_pre,,,,0.781908302354399
ad-htmr,720575940882688412,720575940930825549,5,dendrite_pre,,,,0.13347022587268995
islet-cltmr,720575940891538468,720575940888525260,25,dendrite_pre,,,,0.9287531806615776
islet-cltmr,720575940891538468,720575940883898652,20,dendrite_pre,,,,0.9430485762144054
islet-cltmr,720575940891538468,720575940912622214,19,dendrite_pre,,,,0.9216710182767625
islet-cltmr,720575940891538468,720575940890204422,16,dendrite_pre,,,,0.20814977973568283
islet-cltmr,720575940891538468,720575940926204046,15,dendrite_pre,,,,0.9136842105263158
islet-cltmr,720575940891538468,720575940906320115,15,dendrite_pre,,,,0.8141809290953546
islet-cltmr,720575940891538468,720575940902703006,15,dendrite_pre,,,,0.9179487179487179
islet-cltmr,720575940891538468,720575940868534168,14,dendrite_pre,,,,0.8820754716981132
islet-cltmr,720575940891538468,720575940890245126,13,dendrite_pre,,,,0.6898148148148148
islet-cltmr,720575940891538468,720575940879220460,12,dendrite_pre,,,,0.8567774936061381
islet-cltmr,720575940891538468,720575940903369229,12,dendrite_pre,,,,0.8603988603988604
islet-cltmr,720575940891538468,720575940910911137,12,dendrite_pre,,,,0.9092872570194385
islet-cltmr,720575940891538468,720575940892173666,12,dendrite_pre,,,,0.8127208480565371
islet-cltmr,720575940891538468,720575940886540834,12,dendrite_pre,,,,0.8150406504065041
islet-cltmr,720575940891538468,720575940880865945,12,dendrite_pre,,,,0.733502538071066
islet-cltmr,720575940891538468,720575940900035780,11,dendrite_pre,,,,0.7893700787401575
islet-cltmr,720575940891538468,720575940901819367,11,dendrite_pre,,,,0.9118329466357309
islet-cltmr,720575940891538468,720575940918264373,11,dendrite_pre,,,,0.8913649025069638
islet-cltmr,720575940891538468,720575940877252872,11,dendrite_pre,,,,0.8668555240793201
islet-cltmr,720575940891538468,720575940908781145,10,dendrite_pre,,,,0.8921832884097035
islet-cltmr,720575940891538468,720575940902339000,10,dendrite_pre,,,,0.916955017301038
islet-cltmr,720575940891538468,720575940878303531,10,dendrite_pre,,,,0.6710097719869706
islet-cltmr,720575940891538468,720575940926204302,10,dendrite_pre,,,,0.8853868194842407
islet-cltmr,720575940891538468,720575940909806296,10,dendrite_pre,,,,0.6933701657458563
islet-cltmr,720575940891538468,720575940924182661,10,dendrite_pre,,,,0.9128205128205128
islet-cltmr,720575940891538468,720575940898841849,10,dendrite_pre,,,,0.5783475783475783
islet-cltmr,720575940891538468,720575940879223020,10,dendrite_pre,,,,0.8396551724137931
islet-cltmr,720575940891538468,720575940917097276,10,dendrite_pre,,,,0.8631284916201117
islet-cltmr,720575940891538468,720575940877106267,9,dendrite_pre,,,,0.6902173913043478
islet-cltmr,720575940891538468,720575940921526035,9,dendrite_pre,,,,0.9782608695652174
islet-cltmr,720575940891538468,720575940892653428,9,dendrite_pre,,,,0.8154613466334164
islet-cltmr,720575940891538468,720575940932842132,9,dendrite_pre,,,,0.9325301204819277
islet-cltmr,720575940891538468,720575940880482439,9,dendrite_pre,,,,0.9420289855072463
islet-cltmr,720575940891538468,720575940881422558,9,dendrite_pre,,,,0.6265560165975104
islet-cltmr,720575940891538468,720575940915029373,8,dendrite_pre,,,,0.25835866261398177
islet-cltmr,720575940891538468,720575940861429234,8,dendrite_pre,,,,0.9546279491833031
islet-cltmr,720575940891538468,720575940912929024,8,dendrite_pre,,,,0.7708703374777975
islet-cltmr,720575940891538468,720575940897392130,7,dendrite_pre,,,,0.9366197183098591
islet-cltmr,720575940891538468,720575940941134700,7,dendrite_pre,,,,0.881619937694704
islet-cltmr,720575940891538468,720575940936858436,7,dendrite_pre,,,,0.1977077363896848
islet-cltmr,720575940891538468,720575940890007988,7,dendrite_pre,,,,0.8614232209737828
islet-cltmr,720575940891538468,720575940916016480,6,dendrite_pre,,,,0.22149837133550487
islet-cltmr,720575940891538468,720575940892017863,6,dendrite_pre,,,,0.1642694928084784
islet-cltmr,720575940891538468,720575940891526180,6,dendrite_pre,,,,0.9064039408866995
islet-cltmr,720575940891538468,720575940940380075,6,dendrite_pre,,,,0.8955613577023499
islet-cltmr,720575940891538468,720575940920107637,5,dendrite_pre,,,,0.809009009009009
islet-cltmr,720575940891538468,720575940917619551,5,dendrite_pre,,,,0.18885448916408668
islet-cltmr,720575940891538468,720575940896732090,5,dendrite_pre,,,,0.24521072796934865
islet-cltmr,720575940891538468,720575940891183798,5,dendrite_pre,,,,0.8042553191489362
islet-cltmr,720575940891538468,720575940899465920,5,dendrite_pre,,,,0.6875
islet-cltmr,720575940891538468,720575940927266892,5,dendrite_pre,,,,0.5117370892018779
islet-cltmr,720575940891538468,720575940885284545,5,dendrite_pre,,,,0.9152542372881356
islet-cltmr,720575940891538468,720575940881931601,5,dendrite_pre,,,,0.8931116389548693
islet-cltmr,720575940891538468,720575940883720696,5,dendrite_pre,,,,0.18487394957983194
islet-cltmr,720575940891538468,720575940897150224,5,dendrite_pre,,,,0.893223819301848
islet-cltmr,720575940891538468,720575940882107424,5,dendrite_pre,,,,0.8793103448275862
islet-cltmr,720575940891538468,720575940896865098,5,dendrite_pre,,,,0.8983516483516484
islet-cltmr,720575940891538468,720575940893777899,5,dendrite_pre,,,,0.882183908045977
islet-cltmr,720575940891538468,720575940883197911,5,dendrite_pre,,,,0.835
islet-adltmr,720575940892190818,720575940906252275,10,dendrite_pre,,,,0.37
islet-adltmr,720575940892190818,720575940906748515,9,dendrite_pre,,,,0.02168021680216802
islet-adltmr,720575940892190818,720575940889195719,7,dendrite_pre,,,,0.002551020408163265
islet-adltmr,720575940892190818,720575940886592266,6,dendrite_pre,,,,0.42916666666666664
islet-chtmr,720575940893307467,720575940916192771,28,dendrite_pre,,,,0.8714733542319749
islet-chtmr,720575940893307467,720575940919582469,24,dendrite_pre,,,,0.8759894459102903
islet-chtmr,720575940893307467,720575940875116119,20,dendrite_pre,,,,0.8980582524271845
islet-chtmr,720575940893307467,720575940886926839,20,dendrite_pre,,,,0.7951388888888888
islet-chtmr,720575940893307467,720575940908386564,19,dendrite_pre,,,,0.7947019867549668
islet-chtmr,720575940893307467,720575940924148613,18,dendrite_pre,,,,0.6755162241887905
islet-chtmr,720575940893307467,720575940922709290,18,dendrite_pre,,,,0.796969696969697
islet-chtmr,720575940893307467,720575940903679779,18,dendrite_pre,,,,0.8227848101265823
islet-chtmr,720575940893307467,720575940920894121,17,dendrite_pre,,,,0.9376947040498442
islet-chtmr,720575940893307467,720575940904086480,17,dendrite_pre,,,,0.8743455497382199
islet-chtmr,720575940893307467,720575940899153235,16,dendrite_pre,,,,0.8181818181818182
islet-chtmr,720575940893307467,720575940916016480,16,dendrite_pre,,,,0.5472312703583062
islet-chtmr,720575940893307467,720575940882525989,16,dendrite_pre,,,,0.8613138686131386
islet-chtmr,720575940893307467,720575940894178664,16,dendrite_pre,,,,0.6899441340782123
islet-chtmr,720575940893307467,720575940914883824,15,dendrite_pre,,,,0.8898809523809523
islet-chtmr,720575940893307467,720575940920848808,15,dendrite_pre,,,,0.9088235294117647
islet-chtmr,720575940893307467,720575940919612933,15,dendrite_pre,,,,0.9169675090252708
islet-chtmr,720575940893307467,720575940896819018,14,dendrite_pre,,,,0.9298780487804879
islet-chtmr,720575940893307467,720575940897381378,12,dendrite_pre,,,,0.45930232558139533
islet-chtmr,720575940893307467,720575940909769176,12,dendrite_pre,,,,0.774869109947644
islet-chtmr,720575940893307467,720575940892193698,12,dendrite_pre,,,,0.887905604719764
islet-chtmr,720575940893307467,720575940904075984,11,dendrite_pre,,,,0.6006944444444444
islet-chtmr,720575940893307467,720575940911409257,11,dendrite_pre,,,,0.8773234200743495
islet-chtmr,720575940893307467,720575940877000795,11,dendrite_pre,,,,0.9696048632218845
islet-chtmr,720575940893307467,720575940877501751,11,dendrite_pre,,,,0.6735905044510386
islet-chtmr,720575940893307467,720575940869443690,10,dendrite_pre,,,,0.6167341430499326
islet-chtmr,720575940893307467,720575940889752933,10,dendrite_pre,,,,0.9230769230769231
islet-chtmr,720575940893307467,720575940892652404,10,dendrite_pre,,,,0.6166134185303515
islet-chtmr,720575940893307467,720575940920835240,10,dendrite_pre,,,,0.8811188811188811
islet-chtmr,720575940893307467,720575940895686440,10,dendrite_pre,,,,0.5131578947368421
islet-chtmr,720575940893307467,720575940899376569,9,dendrite_pre,,,,0.91701244813278
islet-chtmr,720575940893307467,720575940865183697,9,dendrite_pre,,,,0.9220338983050848
islet-chtmr,720575940893307467,720575940893395733,8,dendrite_pre,,,,0.929510155316607
islet-chtmr,720575940893307467,720575940881833296,8,dendrite_pre,,,,0.8676923076923077
islet-chtmr,720575940893307467,720575940927168536,8,dendrite_pre,,,,0.7669616519174042
islet-chtmr,720575940893307467,720575940893236555,7,dendrite_pre,,,,0.3804878048780488
islet-chtmr,720575940893307467,720575940905061686,7,dendrite_pre,,,,0.8373702422145328
islet-chtmr,720575940893307467,720575940896262583,7,dendrite_pre,,,,0.5203488372093024
islet-chtmr,720575940893307467,720575940869481691,6,dendrite_pre,,,,0.3993174061433447
islet-chtmr,720575940893307467,720575940927109144,6,dendrite_pre,,,,0.8658318425760286
islet-chtmr,720575940893307467,720575940906164189,6,dendrite_pre,,,,0.3992932862190813
islet-chtmr,720575940893307467,720575940897460886,5,dendrite_pre,,,,0.4097938144329897
islet-chtmr,720575940893307467,720575940878916148,5,dendrite_pre,,,,0.6099585062240664
islet-chtmr,720575940893307467,720575940922934557,5,dendrite_pre,,,,
islet-chtmr,720575940893307467,720575940903415309,5,dendrite_pre,,,,0.024390243902439025
islet-chtmr,720575940893307467,720575940883533733,5,dendrite_pre,,,,0.7946428571428571
islet-chtmr,720575940893307467,720575940913308862,5,dendrite_pre,,,,0.867595818815331
islet-cltmr,720575940894200219,720575940883197911,27,dendrite_pre,,,,0.835
islet-cltmr,720575940894200219,720575940929589242,25,dendrite_pre,,,,0.8662131519274376
islet-cltmr,720575940894200219,720575940896865098,24,dendrite_pre,,,,0.8983516483516484
islet-cltmr,720575940894200219,720575940887131610,24,dendrite_pre,,,,0.7896613190730838
islet-cltmr,720575940894200219,720575940881620931,23,dendrite_pre,,,,0.8184615384615385
islet-cltmr,720575940894200219,720575940917547115,22,dendrite_pre,,,,0.911275415896488
islet-cltmr,720575940894200219,720575940878978356,22,dendrite_pre,,,,0.8315334773218143
islet-cltmr,720575940894200219,720575940930905464,20,dendrite_pre,,,,0.8086021505376344
islet-cltmr,720575940894200219,720575940882105316,18,dendrite_pre,,,,0.8839285714285714
islet-cltmr,720575940894200219,720575940912929024,16,dendrite_pre,,,,0.7708703374777975
islet-cltmr,720575940894200219,720575940902703006,16,dendrite_pre,,,,0.9179487179487179
islet-cltmr,720575940894200219,720575940891181902,15,dendrite_pre,,,,0.9093198992443325
islet-cltmr,720575940894200219,720575940879220460,15,dendrite_pre,,,,0.8567774936061381
islet-cltmr,720575940894200219,720575940921263822,15,dendrite_pre,,,,0.8258064516129032
islet-cltmr,720575940894200219,720575940917097276,15,dendrite_pre,,,,0.8631284916201117
islet-cltmr,720575940894200219,720575940915578261,15,dendrite_pre,,,,0.8861047835990888
islet-cltmr,720575940894200219,720575940911532223,15,dendrite_pre,,,,0.8915094339622641
islet-cltmr,720575940894200219,720575940885095808,14,dendrite_pre,,,,0.7934782608695652
islet-cltmr,720575940894200219,720575940882538078,14,dendrite_pre,,,,0.5174129353233831
islet-cltmr,720575940894200219,720575940869486442,13,dendrite_pre,,,,0.9743589743589743
islet-cltmr,720575940894200219,720575940920882345,13,dendrite_pre,,,,0.10810810810810811
islet-cltmr,720575940894200219,720575940893177002,12,dendrite_pre,,,,0.7401574803149606
islet-cltmr,720575940894200219,720575940901819367,12,dendrite_pre,,,,0.9118329466357309
islet-cltmr,720575940894200219,720575940862140007,12,dendrite_pre,,,,0.29523809523809524
islet-cltmr,720575940894200219,720575940917787299,12,dendrite_pre,,,,0.7461300309597523
islet-cltmr,720575940894200219,720575940927200224,11,dendrite_pre,,,,0.739247311827957
islet-cltmr,720575940894200219,720575940869493610,11,dendrite_pre,,,,0.37209302325581395
islet-cltmr,720575940894200219,720575940899585200,11,dendrite_pre,,,,0.9031413612565445
islet-cltmr,720575940894200219,720575940859503767,11,dendrite_pre,,,,0.8967136150234741
islet-cltmr,720575940894200219,720575940886641418,9,dendrite_pre,,,,0.8089430894308943
islet-cltmr,720575940894200219,720575940878303531,9,dendrite_pre,,,,0.6710097719869706
islet-cltmr,720575940894200219,720575940861450226,9,dendrite_pre,,,,0.8530701754385965
islet-cltmr,720575940894200219,720575940878956340,8,dendrite_pre,,,,0.8671328671328671
islet-cltmr,720575940894200219,720575940936858436,8,dendrite_pre,,,,0.1977077363896848
islet-cltmr,720575940894200219,720575940900956101,7,dendrite_pre,,,,0.9082969432314411
islet-cltmr,720575940894200219,720575940868491416,7,dendrite_pre,,,,0.7213740458015268
islet-cltmr,720575940894200219,720575940940380075,7,dendrite_pre,,,,0.8955613577023499
islet-cltmr,720575940894200219,720575940897392130,7,dendrite_pre,,,,0.9366197183098591
islet-cltmr,720575940894200219,720575940952196116,7,dendrite_pre,,,,0.14942528735632185
islet-cltmr,720575940894200219,720575940915367069,7,dendrite_pre,,,,0.954954954954955
islet-cltmr,720575940894200219,720575940891183798,7,dendrite_pre,,,,0.8042553191489362
islet-cltmr,720575940894200219,720575940882439629,7,dendrite_pre,,,,0.44329896907216493
islet-cltmr,720575940894200219,720575940906423858,7,dendrite_pre,,,,0.772635814889336
islet-cltmr,720575940894200219,720575940903585571,6,dendrite_pre,,,,0.8653295128939829
islet-cltmr,720575940894200219,720575940880482439,6,dendrite_pre,,,,0.9420289855072463
islet-cltmr,720575940894200219,720575940900035780,6,dendrite_pre,,,,0.7893700787401575
islet-cltmr,720575940894200219,720575940898477757,6,dendrite_pre,,,,0.12132822477650064
islet-cltmr,720575940894200219,720575940964357030,6,dendrite_pre,,,,0.7066115702479339
islet-cltmr,720575940894200219,720575940890245126,5,dendrite_pre,,,,0.6898148148148148
islet-cltmr,720575940894200219,720575940920055925,5,dendrite_pre,,,,0.8837719298245614
islet-cltmr,720575940894200219,720575940909806296,5,dendrite_pre,,,,0.6933701657458563
islet-cltmr,720575940894200219,720575940908359360,5,dendrite_pre,,,,0.417910447761194
islet-cltmr,720575940894200219,720575940880413575,5,dendrite_pre,,,,0.7893660531697342
islet-cltmr,720575940894200219,720575940898822855,5,dendrite_pre,,,,0.6730158730158731
islet-cltmr,720575940894200219,720575940911461737,5,dendrite_pre,,,,0.8950276243093923
islet-cltmr,720575940896891210,720575940891183798,54,dendrite_pre,,,,0.8042553191489362
islet-cltmr,720575940896891210,720575940902577106,38,dendrite_pre,,,,0.7432432432432432
islet-cltmr,720575940896891210,720575940930905464,30,dendrite_pre,,,,0.8086021505376344
islet-cltmr,720575940896891210,720575940885095808,27,dendrite_pre,,,,0.7934782608695652
islet-cltmr,720575940896891210,720575940894186139,27,dendrite_pre,,,,0.6982758620689655
islet-cltmr,720575940896891210,720575940893177002,24,dendrite_pre,,,,0.7401574803149606
islet-cltmr,720575940896891210,720575940940380075,23,dendrite_pre,,,,0.8955613577023499
islet-cltmr,720575940896891210,720575940900956101,21,dendrite_pre,,,,0.9082969432314411
islet-cltmr,720575940896891210,720575940891181902,20,dendrite_pre,,,,0.9093198992443325
islet-cltmr,720575940896891210,720575940882107424,19,dendrite_pre,,,,0.8793103448275862
islet-cltmr,720575940896891210,720575940881931601,18,dendrite_pre,,,,0.8931116389548693
islet-cltmr,720575940896891210,720575940912623494,18,dendrite_pre,,,,0.8686868686868687
islet-cltmr,720575940896891210,720575940908781145,18,dendrite_pre,,,,0.8921832884097035
islet-cltmr,720575940896891210,720575940893777899,17,dendrite_pre,,,,0.882183908045977
islet-cltmr,720575940896891210,720575940878956340,16,dendrite_pre,,,,0.8671328671328671
islet-cltmr,720575940896891210,720575940882124832,14,dendrite_pre,,,,0.947945205479452
islet-cltmr,720575940896891210,720575940881620931,14,dendrite_pre,,,,0.8184615384615385
islet-cltmr,720575940896891210,720575940902703006,11,dendrite_pre,,,,0.9179487179487179
islet-cltmr,720575940896891210,720575940917787299,11,dendrite_pre,,,,0.7461300309597523
islet-cltmr,720575940896891210,720575940911418815,10,dendrite_pre,,,,0.14122137404580154
islet-cltmr,720575940896891210,720575940899283650,10,dendrite_pre,,,,0.8532110091743119
islet-cltmr,720575940896891210,720575940902069014,10,dendrite_pre,,,,0.47282608695652173
islet-cltmr,720575940896891210,720575940898699154,10,dendrite_pre,,,,0.6313131313131313
islet-cltmr,720575940896891210,720575940869549838,10,dendrite_pre,,,,0.09929078014184398
islet-cltmr,720575940896891210,720575940896011118,9,dendrite_pre,,,,0.4523809523809524
islet-cltmr,720575940896891210,720575940883481950,9,dendrite_pre,,,,0.17541766109785203
islet-cltmr,720575940896891210,720575940903354252,9,dendrite_pre,,,,0.6173913043478261
islet-cltmr,720575940896891210,720575940896248247,9,dendrite_pre,,,,0.5413223140495868
islet-cltmr,720575940896891210,720575940869443690,9,dendrite_pre,,,,0.19838056680161945
islet-cltmr,720575940896891210,720575940890256134,8,dendrite_pre,,,,0.7564102564102564
islet-cltmr,720575940896891210,720575940916894530,8,dendrite_pre,,,,0.23426573426573427
islet-cltmr,720575940896891210,720575940928347132,8,dendrite_pre,,,,0.22727272727272727
islet-cltmr,720575940896891210,720575940913308862,8,dendrite_pre,,,,0.08710801393728224
islet-cltmr,720575940896891210,720575940892229886,8,dendrite_pre,,,,0.48484848484848486
islet-cltmr,720575940896891210,720575940929589242,8,dendrite_pre,,,,0.8662131519274376
islet-cltmr,720575940896891210,720575940882543653,8,dendrite_pre,,,,0.8946395563770795
islet-cltmr,720575940896891210,720575940897392130,7,dendrite_pre,,,,0.9366197183098591
islet-cltmr,720575940896891210,720575940911532223,7,dendrite_pre,,,,0.8915094339622641
islet-cltmr,720575940896891210,720575940898533373,7,dendrite_pre,,,,0.49746192893401014
islet-cltmr,720575940896891210,720575940912929024,7,dendrite_pre,,,,0.7708703374777975
islet-cltmr,720575940896891210,720575940869485418,7,dendrite_pre,,,,0.9396551724137931
islet-cltmr,720575940896891210,720575940890245126,6,dendrite_pre,,,,0.6898148148148148
islet-cltmr,720575940896891210,720575940879220460,6,dendrite_pre,,,,0.8567774936061381
islet-cltmr,720575940896891210,720575940897460886,6,dendrite_pre,,,,0.17783505154639176
islet-cltmr,720575940896891210,720575940902763375,6,dendrite_pre,,,,0.23809523809523808
islet-cltmr,720575940896891210,720575940878303531,6,dendrite_pre,,,,0.6710097719869706
islet-cltmr,720575940896891210,720575940870273155,5,dendrite_pre,,,,0.23776223776223776
islet-cltmr,720575940896891210,720575940920055925,5,dendrite_pre,,,,0.8837719298245614
islet-cltmr,720575940896891210,720575940917619551,5,dendrite_pre,,,,0.18885448916408668
islet-cltmr,720575940896891210,720575940883197911,5,dendrite_pre,,,,0.835
islet-cltmr,720575940896891210,720575940888148592,5,dendrite_pre,,,,0.375
islet-cltmr,720575940896891210,720575940887131610,5,dendrite_pre,,,,0.7896613190730838
islet-cltmr,720575940896891210,720575940878978356,5,dendrite_pre,,,,0.8315334773218143
islet-adltmr,720575940896891466,720575940884699194,6,dendrite_pre,,,,0.27607361963190186
IN-abltmr,720575940900058564,720575940901672637,9,dendrite_pre,,,,0.4
IN-abltmr,720575940900058564,720575940887210934,5,dendrite_pre,,,,0.5591836734693878
islet-chtmr,720575940912627846,720575940903679779,24,dendrite_pre,,,,0.8227848101265823
islet-chtmr,720575940912627846,720575940922709290,23,dendrite_pre,,,,0.796969696969697
islet-chtmr,720575940912627846,720575940886926839,23,dendrite_pre,,,,0.7951388888888888
islet-chtmr,720575940912627846,720575940908057073,21,dendrite_pre,,,,0.7626506024096386
islet-chtmr,720575940912627846,720575940904086480,21,dendrite_pre,,,,0.8743455497382199
islet-chtmr,720575940912627846,720575940908386564,19,dendrite_pre,,,,0.7947019867549668
islet-chtmr,720575940912627846,720575940914883824,18,dendrite_pre,,,,0.8898809523809523
islet-chtmr,720575940912627846,720575940869443690,17,dendrite_pre,,,,0.6167341430499326
islet-chtmr,720575940912627846,720575940916192771,17,dendrite_pre,,,,0.8714733542319749
islet-chtmr,720575940912627846,720575940909769176,16,dendrite_pre,,,,0.774869109947644
islet-chtmr,720575940912627846,720575940897381378,15,dendrite_pre,,,,0.45930232558139533
islet-chtmr,720575940912627846,720575940875116119,13,dendrite_pre,,,,0.8980582524271845
islet-chtmr,720575940912627846,720575940893395733,11,dendrite_pre,,,,0.929510155316607
islet-chtmr,720575940912627846,720575940919582469,11,dendrite_pre,,,,0.8759894459102903
islet-chtmr,720575940912627846,720575940899153235,10,dendrite_pre,,,,0.8181818181818182
islet-chtmr,720575940912627846,720575940922934557,10,dendrite_pre,,,,
islet-chtmr,720575940912627846,720575940913308862,10,dendrite_pre,,,,0.867595818815331
islet-chtmr,720575940912627846,720575940920848808,10,dendrite_pre,,,,0.9088235294117647
islet-chtmr,720575940912627846,720575940912535686,9,dendrite_pre,,,,0.7951388888888888
islet-chtmr,720575940912627846,720575940890618063,9,dendrite_pre,,,,0.5141752577319587
islet-chtmr,720575940912627846,720575940869481691,8,dendrite_pre,,,,0.3993174061433447
islet-chtmr,720575940912627846,720575940924148613,8,dendrite_pre,,,,0.6755162241887905
islet-chtmr,720575940912627846,720575940920894121,8,dendrite_pre,,,,0.9376947040498442
islet-chtmr,720575940912627846,720575940882525989,8,dendrite_pre,,,,0.8613138686131386
islet-chtmr,720575940912627846,720575940927109144,7,dendrite_pre,,,,0.8658318425760286
islet-chtmr,720575940912627846,720575940916016480,7,dendrite_pre,,,,0.5472312703583062
islet-chtmr,720575940912627846,720575940862216039,6,dendrite_pre,,,,0.7519553072625699
islet-chtmr,720575940912627846,720575940882038048,6,dendrite_pre,,,,0.88
islet-chtmr,720575940912627846,720575940892652404,6,dendrite_pre,,,,0.6166134185303515
islet-chtmr,720575940912627846,720575940906389554,6,dendrite_pre,,,,0.5694050991501416
islet-chtmr,720575940912627846,720575940883533733,5,dendrite_pre,,,,0.7946428571428571
islet-chtmr,720575940912627846,720575940898477757,5,dendrite_pre,,,,0.6385696040868455
islet-chtmr,720575940912627846,720575940906164189,5,dendrite_pre,,,,0.3992932862190813
islet-chtmr,720575940912627846,720575940889883489,5,dendrite_pre,,,,0.6695278969957081
islet-chtmr,720575940912627846,720575940877000795,5,dendrite_pre,,,,0.9696048632218845
islet-chtmr,720575940912627846,720575940905061686,5,dendrite_pre,,,,0.8373702422145328
islet-cltmr,720575940915389853,720575940902703006,15,dendrite_pre,,,,0.9179487179487179
islet-cltmr,720575940915389853,720575940880866969,15,dendrite_pre,,,,0.8031914893617021
islet-cltmr,720575940915389853,720575940897150224,14,dendrite_pre,,,,0.893223819301848
islet-cltmr,720575940915389853,720575940879220460,12,dendrite_pre,,,,0.8567774936061381
islet-cltmr,720575940915389853,720575940906320115,11,dendrite_pre,,,,0.8141809290953546
islet-cltmr,720575940915389853,720575940917097276,10,dendrite_pre,,,,0.8631284916201117
islet-cltmr,720575940915389853,720575940883898652,10,dendrite_pre,,,,0.9430485762144054
islet-cltmr,720575940915389853,720575940910911137,10,dendrite_pre,,,,0.9092872570194385
islet-cltmr,720575940915389853,720575940869466075,10,dendrite_pre,,,,0.9320388349514563
islet-cltmr,720575940915389853,720575940892173666,10,dendrite_pre,,,,0.8127208480565371
islet-cltmr,720575940915389853,720575940890245126,10,dendrite_pre,,,,0.6898148148148148
islet-cltmr,720575940915389853,720575940900035780,9,dendrite_pre,,,,0.7893700787401575
islet-cltmr,720575940915389853,720575940912917504,9,dendrite_pre,,,,0.9308035714285714
islet-cltmr,720575940915389853,720575940888525260,9,dendrite_pre,,,,0.9287531806615776
islet-cltmr,720575940915389853,720575940906423858,9,dendrite_pre,,,,0.772635814889336
islet-cltmr,720575940915389853,720575940920055925,9,dendrite_pre,,,,0.8837719298245614
islet-cltmr,720575940915389853,720575940912622214,8,dendrite_pre,,,,0.9216710182767625
islet-cltmr,720575940915389853,720575940898841849,8,dendrite_pre,,,,0.5783475783475783
islet-cltmr,720575940915389853,720575940888867087,8,dendrite_pre,,,,0.831081081081081
islet-cltmr,720575940915389853,720575940882105316,8,dendrite_pre,,,,0.8839285714285714
islet-cltmr,720575940915389853,720575940929589242,8,dendrite_pre,,,,0.8662131519274376
islet-cltmr,720575940915389853,720575940892653428,7,dendrite_pre,,,,0.8154613466334164
islet-cltmr,720575940915389853,720575940908781145,7,dendrite_pre,,,,0.8921832884097035
islet-cltmr,720575940915389853,720575940886641418,6,dendrite_pre,,,,0.8089430894308943
islet-cltmr,720575940915389853,720575940882070816,6,dendrite_pre,,,,0.36637931034482757
islet-cltmr,720575940915389853,720575940862621983,6,dendrite_pre,,,,0.845360824742268
islet-cltmr,720575940915389853,720575940897392130,6,dendrite_pre,,,,0.9366197183098591
islet-cltmr,720575940915389853,720575940885095808,6,dendrite_pre,,,,0.7934782608695652
islet-cltmr,720575940915389853,720575940901819367,6,dendrite_pre,,,,0.9118329466357309
islet-cltmr,720575940915389853,720575940909806296,6,dendrite_pre,,,,0.6933701657458563
islet-cltmr,720575940915389853,720575940903369229,6,dendrite_pre,,,,0.8603988603988604
islet-cltmr,720575940915389853,720575940909939648,5,dendrite_pre,,,,0.8504398826979472
islet-cltmr,720575940915389853,720575940891183798,5,dendrite_pre,,,,0.8042553191489362
islet-cltmr,720575940915389853,720575940879223020,5,dendrite_pre,,,,0.8396551724137931
islet-cltmr,720575940915389853,720575940915578261,5,dendrite_pre,,,,0.8861047835990888
islet-cltmr,720575940915389853,720575940899585200,5,dendrite_pre,,,,0.9031413612565445
islet-cltmr,720575940915389853,720575940896446649,5,dendrite_pre,,,,0.6572237960339944
islet-cltmr,720575940915389853,720575940877106267,5,dendrite_pre,,,,0.6902173913043478
islet-cltmr,720575940915389853,720575940903354252,5,dendrite_pre,,,,0.6173913043478261
islet-cltmr,720575940915389853,720575940881816400,5,dendrite_pre,,,,0.8817204301075269
islet-cltmr,720575940915389853,720575940896865098,5,dendrite_pre,,,,0.8983516483516484
islet-cltmr,720575940915389853,720575940936858436,5,dendrite_pre,,,,0.1977077363896848
islet-adltmr,720575940915390365,720575940886592266,10,dendrite_pre,,,,0.42916666666666664
islet-adltmr,720575940915390365,720575940946164246,9,dendrite_pre,,,,0.17557251908396945
islet-adltmr,720575940915390365,720575940870273155,6,dendrite_pre,,,,0.33916083916083917
islet-adltmr,720575940915390365,720575940936858436,5,dendrite_pre,,,,0.38968481375358166
islet-chtmr,720575940929601786,720575940877501751,26,dendrite_pre,,,,0.6735905044510386
islet-chtmr,720575940929601786,720575940894178664,25,dendrite_pre,,,,0.6899441340782123
islet-chtmr,720575940929601786,720575940916016480,23,dendrite_pre,,,,0.5472312703583062
islet-chtmr,720575940929601786,720575940936008358,20,dendrite_pre,,,,0.7774725274725275
islet-chtmr,720575940929601786,720575940920835240,20,dendrite_pre,,,,0.8811188811188811
islet-chtmr,720575940929601786,720575940927109144,18,dendrite_pre,,,,0.8658318425760286
islet-chtmr,720575940929601786,720575940894647347,17,dendrite_pre,,,,0.7820895522388059
islet-chtmr,720575940929601786,720575940919582469,15,dendrite_pre,,,,0.8759894459102903
islet-chtmr,720575940929601786,720575940882124320,14,dendrite_pre,,,,0.4888392857142857
islet-chtmr,720575940929601786,720575940897151504,14,dendrite_pre,,,,0.3730886850152905
islet-chtmr,720575940929601786,720575940897381378,13,dendrite_pre,,,,0.45930232558139533
islet-chtmr,720575940929601786,720575940869481691,12,dendrite_pre,,,,0.3993174061433447
islet-chtmr,720575940929601786,720575940912535686,12,dendrite_pre,,,,0.7951388888888888
islet-chtmr,720575940929601786,720575940929741846,12,dendrite_pre,,,,0.7741935483870968
islet-chtmr,720575940929601786,720575940900988613,12,dendrite_pre,,,,0.4148936170212766
islet-chtmr,720575940929601786,720575940940910975,11,dendrite_pre,,,,0.8786279683377308
islet-chtmr,720575940929601786,720575940924148613,11,dendrite_pre,,,,0.6755162241887905
islet-chtmr,720575940929601786,720575940902331832,11,dendrite_pre,,,,0.6363636363636364
islet-chtmr,720575940929601786,720575940904249043,10,dendrite_pre,,,,0.7186311787072244
islet-chtmr,720575940929601786,720575940927174424,10,dendrite_pre,,,,0.7176105508145849
islet-chtmr,720575940929601786,720575940896819018,10,dendrite_pre,,,,0.9298780487804879
islet-chtmr,720575940929601786,720575940862216039,9,dendrite_pre,,,,0.7519553072625699
islet-chtmr,720575940929601786,720575940892193698,9,dendrite_pre,,,,0.887905604719764
islet-chtmr,720575940929601786,720575940920006013,9,dendrite_pre,,,,0.2214765100671141
islet-chtmr,720575940929601786,720575940941106028,8,dendrite_pre,,,,0.16997792494481237
islet-chtmr,720575940929601786,720575940904075984,8,dendrite_pre,,,,0.6006944444444444
islet-chtmr,720575940929601786,720575940921200846,8,dendrite_pre,,,,0.9233716475095786
islet-chtmr,720575940929601786,720575940902703089,8,dendrite_pre,,,,0.7662337662337663
islet-chtmr,720575940929601786,720575940908386564,8,dendrite_pre,,,,0.7947019867549668
islet-chtmr,720575940929601786,720575940903415565,8,dendrite_pre,,,,0.2336065573770492
islet-chtmr,720575940929601786,720575940883543461,7,dendrite_pre,,,,0.7896551724137931
islet-chtmr,720575940929601786,720575940903415309,7,dendrite_pre,,,,0.024390243902439025
islet-chtmr,720575940929601786,720575940877129819,7,dendrite_pre,,,,0.7598086124401914
islet-chtmr,720575940929601786,720575940889192823,7,dendrite_pre,,,,0.5046296296296297
islet-chtmr,720575940929601786,720575940911409257,7,dendrite_pre,,,,0.8773234200743495
islet-chtmr,720575940929601786,720575940903679779,7,dendrite_pre,,,,0.8227848101265823
islet-chtmr,720575940929601786,720575940919612933,7,dendrite_pre,,,,0.9169675090252708
islet-chtmr,720575940929601786,720575940875122775,6,dendrite_pre,,,,0.48863636363636365
islet-chtmr,720575940929601786,720575940918873695,6,dendrite_pre,,,,0.5108695652173914
islet-chtmr,720575940929601786,720575940881833296,6,dendrite_pre,,,,0.8676923076923077
islet-chtmr,720575940929601786,720575940899376569,6,dendrite_pre,,,,0.91701244813278
islet-chtmr,720575940929601786,720575940899143251,6,dendrite_pre,,,,0.8387096774193549
islet-chtmr,720575940929601786,720575940899282056,6,dendrite_pre,,,,0.18958333333333333
islet-chtmr,720575940929601786,720575940904086480,6,dendrite_pre,,,,0.8743455497382199
islet-chtmr,720575940929601786,720575940893395733,6,dendrite_pre,,,,0.929510155316607
islet-chtmr,720575940929601786,720575940922934557,6,dendrite_pre,,,,
islet-chtmr,720575940929601786,720575940916192771,6,dendrite_pre,,,,0.8714733542319749
islet-chtmr,720575940929601786,720575940882038048,5,dendrite_pre,,,,0.88
islet-chtmr,720575940929601786,720575940909393947,5,dendrite_pre,,,,0.6823529411764706
islet-chtmr,720575940929601786,720575940899153235,5,dendrite_pre,,,,0.8181818181818182
islet-chtmr,720575940929601786,720575940897460886,5,dendrite_pre,,,,0.4097938144329897
islet-chtmr,720575940929601786,720575940886926839,5,dendrite_pre,,,,0.7951388888888888
islet-chtmr,720575940929601786,720575940914883824,5,dendrite_pre,,,,0.8898809523809523
islet-chtmr,720575940929601786,720575940869443690,5,dendrite_pre,,,,0.6167341430499326
islet-chtmr,720575940929601786,720575940908057073,5,dendrite_pre,,,,0.7626506024096386
islet-chtmr,720575940929601786,720575940891164342,5,dendrite_pre,,,,0.7923076923076923
