neuron_id,Aδ-HTMR,C-Cold,C-HTMR,C-HTMR-Non-peptidergic,C-Heat,N/A,Aβ-LTMR,Aδ-LTMR,C-LTMR,low_confidence_sensory,cell_type
720575940891196854,1,0,2,6,3,991,70,419,46,12,islet-adltmr
720575940894143299,5,0,5,36,1,1248,3,19,1512,29,islet-cltmr
720575940882552101,12,0,1,3,1,411,58,206,19,21,islet-adltmr
720575940930897229,17,0,13,1420,14,879,1,0,68,59,islet-chtmr
720575940870685014,0,0,0,12,0,854,1,4,1232,18,islet-cltmr
720575940894143043,7,0,9,1433,15,793,0,0,51,29,islet-chtmr
720575940903193533,386,6,8,12,35,933,1,0,3,15,IN for adhtmr
720575940894143555,290,8,7,3,29,873,0,0,1,17,IN for adhtmr
720575940870685270,273,1,1,3,0,2120,333,29,42,48,IN for abltmr
720575940926223758,22,0,0,2,0,1644,226,38,2,15,IN for abltmr
720575940923001544,6,0,9,1207,13,613,1,0,29,25,islet-chtmr
720575940904120528,7,0,0,0,2,832,454,8,0,9,IN for abltmr
720575940894142787,10,0,32,1124,13,1002,0,0,29,50,islet-chtmr
720575940927794480,402,3,16,9,31,1192,53,11,36,55,IN for adhtmr
720575940871523385,66,0,1,54,0,1437,66,89,281,43,IN for abltmr
720575940918314549,325,0,6,5,6,664,58,4,29,41,IN for adhtmr
720575940937869229,29,0,5,71,4,998,27,75,342,35,IN for abltmr
720575940883905052,0,0,2,10,1,797,5,3,926,15,islet-cltmr
720575940897467030,7,0,0,1,0,486,225,25,0,3,IN for abltmr
720575940920894376,316,2,4,4,20,852,25,0,4,32,IN for adhtmr
720575940889264869,5,0,0,3,1,520,44,272,45,19,islet-adltmr
720575940890756047,22,0,0,0,4,780,247,385,3,35,islet-adltmr
720575940890118968,328,2,15,10,19,956,35,3,1,31,IN for adhtmr
720575940884145919,2,0,2,33,1,901,1,4,1195,23,islet-cltmr
720575940865475743,2,0,2,61,0,1186,4,4,970,31,islet-cltmr
720575940865475487,15,0,17,1319,13,715,1,0,29,35,islet-chtmr
720575940883905308,373,1,3,15,1,2030,234,19,48,59,IN for abltmr
720575940923001800,17,0,0,0,1,791,310,367,4,26,islet-adltmr
