tag,pre_root_id,post_root_id,n_synapses,kind
islet-adltmr,720575940859668375,,0,dendrite_pre
islet-chtmr,720575940868783597,720575940889192823,26,dendrite_pre
islet-chtmr,720575940868783597,720575940897305090,26,dendrite_pre
islet-chtmr,720575940868783597,720575940892112738,25,dendrite_pre
islet-chtmr,720575940868783597,720575940892017863,25,dendrite_pre
islet-chtmr,720575940868783597,720575940896819018,23,dendrite_pre
islet-chtmr,720575940868783597,720575940940910975,19,dendrite_pre
islet-chtmr,720575940868783597,720575940894647347,19,dendrite_pre
islet-chtmr,720575940868783597,720575940875785533,18,dendrite_pre
islet-chtmr,720575940868783597,720575940890204422,18,dendrite_pre
islet-chtmr,720575940868783597,720575940919582469,17,dendrite_pre
islet-chtmr,720575940868783597,720575940883381854,17,dendrite_pre
islet-chtmr,720575940868783597,720575940921200846,17,dendrite_pre
islet-chtmr,720575940868783597,720575940899376313,15,dendrite_pre
islet-chtmr,720575940868783597,720575940880777234,14,dendrite_pre
islet-chtmr,720575940868783597,720575940920835240,14,dendrite_pre
islet-chtmr,720575940868783597,720575940899376569,14,dendrite_pre
islet-chtmr,720575940868783597,720575940892307143,13,dendrite_pre
islet-chtmr,720575940868783597,720575940915523221,13,dendrite_pre
islet-chtmr,720575940868783597,720575940892323527,11,dendrite_pre
islet-chtmr,720575940868783597,720575940885291457,11,dendrite_pre
islet-chtmr,720575940868783597,720575940904249043,11,dendrite_pre
islet-chtmr,720575940868783597,720575940894178664,10,dendrite_pre
islet-chtmr,720575940868783597,720575940877501751,10,dendrite_pre
islet-chtmr,720575940868783597,720575940888964434,10,dendrite_pre
islet-chtmr,720575940868783597,720575940885782942,10,dendrite_pre
islet-chtmr,720575940868783597,720575940882038048,9,dendrite_pre
islet-chtmr,720575940868783597,720575940939665989,9,dendrite_pre
islet-chtmr,720575940868783597,720575940915341725,8,dendrite_pre
islet-chtmr,720575940868783597,720575940898816761,8,dendrite_pre
islet-chtmr,720575940868783597,720575940909179612,8,dendrite_pre
islet-chtmr,720575940868783597,720575940892109511,8,dendrite_pre
islet-chtmr,720575940868783597,720575940886975223,8,dendrite_pre
islet-chtmr,720575940868783597,720575940881833296,7,dendrite_pre
islet-chtmr,720575940868783597,720575940882124320,7,dendrite_pre
islet-chtmr,720575940868783597,720575940868694509,7,dendrite_pre
islet-chtmr,720575940868783597,720575940912535686,6,dendrite_pre
islet-chtmr,720575940868783597,720575940902007534,6,dendrite_pre
islet-chtmr,720575940868783597,720575940927109144,6,dendrite_pre
islet-chtmr,720575940868783597,720575940893864945,6,dendrite_pre
islet-chtmr,720575940868783597,720575940936008358,5,dendrite_pre
islet-chtmr,720575940868783597,720575940903370509,5,dendrite_pre
islet-chtmr,720575940868783597,720575940882073120,5,dendrite_pre
islet-chtmr,720575940868783597,720575940891164342,5,dendrite_pre
islet-chtmr,720575940868783597,720575940915203391,5,dendrite_pre
islet-chtmr,720575940868783597,720575940897240066,5,dendrite_pre
islet-chtmr,720575940868783597,720575940889767009,5,dendrite_pre
IN-abltmr,720575940869591310,720575940928347132,33,dendrite_pre
IN-abltmr,720575940869591310,720575940878312571,17,dendrite_pre
IN-abltmr,720575940869591310,720575940891183798,17,dendrite_pre
IN-abltmr,720575940869591310,720575940891181902,14,dendrite_pre
IN-abltmr,720575940869591310,720575940919917041,6,dendrite_pre
IN-abltmr,720575940869591310,720575940885095808,6,dendrite_pre
IN-abltmr,720575940869591310,720575940900956101,5,dendrite_pre
IN-abltmr,720575940869591310,720575940908781145,5,dendrite_pre
IN-abltmr,720575940869591310,720575940878956340,5,dendrite_pre
islet-chtmr,720575940873509950,720575940875116119,32,dendrite_pre
islet-chtmr,720575940873509950,720575940882038048,32,dendrite_pre
islet-chtmr,720575940873509950,720575940936008358,26,dendrite_pre
islet-chtmr,720575940873509950,720575940899143251,25,dendrite_pre
islet-chtmr,720575940873509950,720575940894647347,24,dendrite_pre
islet-chtmr,720575940873509950,720575940877129819,23,dendrite_pre
islet-chtmr,720575940873509950,720575940912535686,22,dendrite_pre
islet-chtmr,720575940873509950,720575940950757652,21,dendrite_pre
islet-chtmr,720575940873509950,720575940883543461,20,dendrite_pre
islet-chtmr,720575940873509950,720575940922709290,17,dendrite_pre
islet-chtmr,720575940873509950,720575940902331832,17,dendrite_pre
islet-chtmr,720575940873509950,720575940927109144,16,dendrite_pre
islet-chtmr,720575940873509950,720575940903679779,16,dendrite_pre
islet-chtmr,720575940873509950,720575940887272090,16,dendrite_pre
islet-chtmr,720575940873509950,720575940862216039,16,dendrite_pre
islet-chtmr,720575940873509950,720575940909769176,15,dendrite_pre
islet-chtmr,720575940873509950,720575940899584944,15,dendrite_pre
islet-chtmr,720575940873509950,720575940921200846,14,dendrite_pre
islet-chtmr,720575940873509950,720575940891164342,14,dendrite_pre
islet-chtmr,720575940873509950,720575940902703089,13,dendrite_pre
islet-chtmr,720575940873509950,720575940908057073,13,dendrite_pre
islet-chtmr,720575940873509950,720575940862140007,13,dendrite_pre
islet-chtmr,720575940873509950,720575940940910975,12,dendrite_pre
islet-chtmr,720575940873509950,720575940902007534,12,dendrite_pre
islet-chtmr,720575940873509950,720575940883720696,10,dendrite_pre
islet-chtmr,720575940873509950,720575940883025885,10,dendrite_pre
islet-chtmr,720575940873509950,720575940904086480,10,dendrite_pre
islet-chtmr,720575940873509950,720575940872826482,9,dendrite_pre
islet-chtmr,720575940873509950,720575940908363780,9,dendrite_pre
islet-chtmr,720575940873509950,720575940882124320,9,dendrite_pre
islet-chtmr,720575940873509950,720575940898393587,8,dendrite_pre
islet-chtmr,720575940873509950,720575940907061033,8,dendrite_pre
islet-chtmr,720575940873509950,720575940941089388,8,dendrite_pre
islet-chtmr,720575940873509950,720575940914883824,8,dendrite_pre
islet-chtmr,720575940873509950,720575940927253324,8,dendrite_pre
islet-chtmr,720575940873509950,720575940929741846,7,dendrite_pre
islet-chtmr,720575940873509950,720575940898816761,7,dendrite_pre
islet-chtmr,720575940873509950,720575940920848808,7,dendrite_pre
islet-chtmr,720575940873509950,720575940869481691,7,dendrite_pre
islet-chtmr,720575940873509950,720575940897151504,6,dendrite_pre
islet-chtmr,720575940873509950,720575940896863175,6,dendrite_pre
islet-chtmr,720575940873509950,720575940896687815,5,dendrite_pre
islet-chtmr,720575940873509950,720575940880820113,5,dendrite_pre
islet-chtmr,720575940873509950,720575940918873695,5,dendrite_pre
islet-chtmr,720575940873509950,720575940899256770,5,dendrite_pre
islet-chtmr,720575940873509950,720575940923659356,5,dendrite_pre
islet-chtmr,720575940873509950,720575940927174424,5,dendrite_pre
islet-chtmr,720575940873509950,720575940892592500,5,dendrite_pre
islet-chtmr,720575940875009249,720575940920894121,30,dendrite_pre
islet-chtmr,720575940875009249,720575940908057073,24,dendrite_pre
islet-chtmr,720575940875009249,720575940922709290,21,dendrite_pre
islet-chtmr,720575940875009249,720575940884068390,21,dendrite_pre
islet-chtmr,720575940875009249,720575940905061686,20,dendrite_pre
islet-chtmr,720575940875009249,720575940875116119,20,dendrite_pre
islet-chtmr,720575940875009249,720575940883533733,20,dendrite_pre
islet-chtmr,720575940875009249,720575940882525989,18,dendrite_pre
islet-chtmr,720575940875009249,720575940920848808,18,dendrite_pre
islet-chtmr,720575940875009249,720575940904086480,18,dendrite_pre
islet-chtmr,720575940875009249,720575940909769176,16,dendrite_pre
islet-chtmr,720575940875009249,720575940913308862,14,dendrite_pre
islet-chtmr,720575940875009249,720575940919612933,14,dendrite_pre
islet-chtmr,720575940875009249,720575940888206927,13,dendrite_pre
islet-chtmr,720575940875009249,720575940869510158,13,dendrite_pre
islet-chtmr,720575940875009249,720575940903679779,13,dendrite_pre
islet-chtmr,720575940875009249,720575940895686440,11,dendrite_pre
islet-chtmr,720575940875009249,720575940882152932,10,dendrite_pre
islet-chtmr,720575940875009249,720575940877000795,10,dendrite_pre
islet-chtmr,720575940875009249,720575940924148613,10,dendrite_pre
islet-chtmr,720575940875009249,720575940898477757,9,dendrite_pre
islet-chtmr,720575940875009249,720575940918750769,9,dendrite_pre
islet-chtmr,720575940875009249,720575940890618063,9,dendrite_pre
islet-chtmr,720575940875009249,720575940894178664,8,dendrite_pre
islet-chtmr,720575940875009249,720575940884787258,8,dendrite_pre
islet-chtmr,720575940875009249,720575940906164189,8,dendrite_pre
islet-chtmr,720575940875009249,720575940865183697,8,dendrite_pre
islet-chtmr,720575940875009249,720575940916016480,8,dendrite_pre
islet-chtmr,720575940875009249,720575940916192771,7,dendrite_pre
islet-chtmr,720575940875009249,720575940892652404,7,dendrite_pre
islet-chtmr,720575940875009249,720575940893395733,7,dendrite_pre
islet-chtmr,720575940875009249,720575940869443690,7,dendrite_pre
islet-chtmr,720575940875009249,720575940915967584,7,dendrite_pre
islet-chtmr,720575940875009249,720575940921986112,7,dendrite_pre
islet-chtmr,720575940875009249,720575940908386564,6,dendrite_pre
islet-chtmr,720575940875009249,720575940886926839,6,dendrite_pre
islet-chtmr,720575940875009249,720575940936905540,6,dendrite_pre
islet-chtmr,720575940875009249,720575940899257026,6,dendrite_pre
islet-chtmr,720575940875009249,720575940901960430,6,dendrite_pre
islet-chtmr,720575940875009249,720575940865106970,5,dendrite_pre
islet-chtmr,720575940875009249,720575940892615796,5,dendrite_pre
islet-chtmr,720575940875009249,720575940878916148,5,dendrite_pre
islet-chtmr,720575940875009249,720575940929741846,5,dendrite_pre
islet-chtmr,720575940875009249,720575940899153235,5,dendrite_pre
islet-chtmr,720575940875009249,720575940897381378,5,dendrite_pre
islet-chtmr,720575940875009249,720575940906054459,5,dendrite_pre
islet-chtmr,720575940875009249,720575940871503673,5,dendrite_pre
islet-chtmr,720575940875009249,720575940914883824,5,dendrite_pre
islet-cltmr,720575940875009505,720575940926204302,33,dendrite_pre
islet-cltmr,720575940875009505,720575940877106267,21,dendrite_pre
islet-cltmr,720575940875009505,720575940940380075,20,dendrite_pre
islet-cltmr,720575940875009505,720575940888525260,18,dendrite_pre
islet-cltmr,720575940875009505,720575940880865945,18,dendrite_pre
islet-cltmr,720575940875009505,720575940883898652,18,dendrite_pre
islet-cltmr,720575940875009505,720575940903369229,18,dendrite_pre
islet-cltmr,720575940875009505,720575940890204422,17,dendrite_pre
islet-cltmr,720575940875009505,720575940897150224,16,dendrite_pre
islet-cltmr,720575940875009505,720575940886540834,15,dendrite_pre
islet-cltmr,720575940875009505,720575940879220460,15,dendrite_pre
islet-cltmr,720575940875009505,720575940909806296,13,dendrite_pre
islet-cltmr,720575940875009505,720575940896819018,13,dendrite_pre
islet-cltmr,720575940875009505,720575940914883824,13,dendrite_pre
islet-cltmr,720575940875009505,720575940908386564,12,dendrite_pre
islet-cltmr,720575940875009505,720575940924182661,12,dendrite_pre
islet-cltmr,720575940875009505,720575940919582469,12,dendrite_pre
islet-cltmr,720575940875009505,720575940908781145,11,dendrite_pre
islet-cltmr,720575940875009505,720575940882077216,10,dendrite_pre
islet-cltmr,720575940875009505,720575940878257275,10,dendrite_pre
islet-cltmr,720575940875009505,720575940895353262,10,dendrite_pre
islet-cltmr,720575940875009505,720575940891181902,10,dendrite_pre
islet-cltmr,720575940875009505,720575940926204046,10,dendrite_pre
islet-cltmr,720575940875009505,720575940878956340,10,dendrite_pre
islet-cltmr,720575940875009505,720575940891163574,10,dendrite_pre
islet-cltmr,720575940875009505,720575940918990151,10,dendrite_pre
islet-cltmr,720575940875009505,720575940892017863,9,dendrite_pre
islet-cltmr,720575940875009505,720575940922814762,8,dendrite_pre
islet-cltmr,720575940875009505,720575940932842132,8,dendrite_pre
islet-cltmr,720575940875009505,720575940880372359,8,dendrite_pre
islet-cltmr,720575940875009505,720575940912622214,8,dendrite_pre
islet-cltmr,720575940875009505,720575940881833296,8,dendrite_pre
islet-cltmr,720575940875009505,720575940900956101,8,dendrite_pre
islet-cltmr,720575940875009505,720575940936954692,8,dendrite_pre
islet-cltmr,720575940875009505,720575940897404162,8,dendrite_pre
islet-cltmr,720575940875009505,720575940921526035,7,dendrite_pre
islet-cltmr,720575940875009505,720575940903370509,7,dendrite_pre
islet-cltmr,720575940875009505,720575940918770481,7,dendrite_pre
islet-cltmr,720575940875009505,720575940861429234,7,dendrite_pre
islet-cltmr,720575940875009505,720575940892653428,7,dendrite_pre
islet-cltmr,720575940875009505,720575940899153235,7,dendrite_pre
islet-cltmr,720575940875009505,720575940881422558,7,dendrite_pre
islet-cltmr,720575940875009505,720575940903679779,7,dendrite_pre
islet-cltmr,720575940875009505,720575940869443690,7,dendrite_pre
islet-cltmr,720575940875009505,720575940896248247,7,dendrite_pre
islet-cltmr,720575940875009505,720575940906320115,7,dendrite_pre
islet-cltmr,720575940875009505,720575940878303531,6,dendrite_pre
islet-cltmr,720575940875009505,720575940886926839,6,dendrite_pre
islet-cltmr,720575940875009505,720575940890245126,6,dendrite_pre
islet-cltmr,720575940875009505,720575940890755060,6,dendrite_pre
islet-cltmr,720575940875009505,720575940898841849,6,dendrite_pre
islet-cltmr,720575940875009505,720575940893177002,6,dendrite_pre
islet-cltmr,720575940875009505,720575940877144923,5,dendrite_pre
islet-cltmr,720575940875009505,720575940922958792,5,dendrite_pre
islet-cltmr,720575940875009505,720575940879223020,5,dendrite_pre
islet-cltmr,720575940875009505,720575940883720696,5,dendrite_pre
islet-cltmr,720575940875009505,720575940899281090,5,dendrite_pre
ad-htmr,720575940875009761,,0,dendrite_pre
IN-abltmr,720575940875210327,720575940890034870,5,dendrite_pre
islet-cltmr,720575940877168904,720575940887131610,38,dendrite_pre
islet-cltmr,720575940877168904,720575940930905464,36,dendrite_pre
islet-cltmr,720575940877168904,720575940917787299,34,dendrite_pre
islet-cltmr,720575940877168904,720575940884043814,25,dendrite_pre
islet-cltmr,720575940877168904,720575940917097276,24,dendrite_pre
islet-cltmr,720575940877168904,720575940878978356,21,dendrite_pre
islet-cltmr,720575940877168904,720575940897392130,21,dendrite_pre
islet-cltmr,720575940877168904,720575940924432194,20,dendrite_pre
islet-cltmr,720575940877168904,720575940881620931,19,dendrite_pre
islet-cltmr,720575940877168904,720575940921263822,19,dendrite_pre
islet-cltmr,720575940877168904,720575940883197911,19,dendrite_pre
islet-cltmr,720575940877168904,720575940927200224,18,dendrite_pre
islet-cltmr,720575940877168904,720575940878303531,18,dendrite_pre
islet-cltmr,720575940877168904,720575940868491416,16,dendrite_pre
islet-cltmr,720575940877168904,720575940909203676,16,dendrite_pre
islet-cltmr,720575940877168904,720575940917547115,15,dendrite_pre
islet-cltmr,720575940877168904,720575940940380075,15,dendrite_pre
islet-cltmr,720575940877168904,720575940901819367,15,dendrite_pre
islet-cltmr,720575940877168904,720575940911532223,14,dendrite_pre
islet-cltmr,720575940877168904,720575940896865098,14,dendrite_pre
islet-cltmr,720575940877168904,720575940906423858,13,dendrite_pre
islet-cltmr,720575940877168904,720575940912929024,13,dendrite_pre
islet-cltmr,720575940877168904,720575940861450226,12,dendrite_pre
islet-cltmr,720575940877168904,720575940891181902,11,dendrite_pre
islet-cltmr,720575940877168904,720575940880413575,11,dendrite_pre
islet-cltmr,720575940877168904,720575940876302815,11,dendrite_pre
islet-cltmr,720575940877168904,720575940894186139,11,dendrite_pre
islet-cltmr,720575940877168904,720575940882105316,11,dendrite_pre
islet-cltmr,720575940877168904,720575940902671774,11,dendrite_pre
islet-cltmr,720575940877168904,720575940886641418,11,dendrite_pre
islet-cltmr,720575940877168904,720575940929589242,11,dendrite_pre
islet-cltmr,720575940877168904,720575940892229886,10,dendrite_pre
islet-cltmr,720575940877168904,720575940920055925,10,dendrite_pre
islet-cltmr,720575940877168904,720575940893177002,10,dendrite_pre
islet-cltmr,720575940877168904,720575940893408011,10,dendrite_pre
islet-cltmr,720575940877168904,720575940900956101,9,dendrite_pre
islet-cltmr,720575940877168904,720575940893122730,9,dendrite_pre
islet-cltmr,720575940877168904,720575940899585200,9,dendrite_pre
islet-cltmr,720575940877168904,720575940897404162,8,dendrite_pre
islet-cltmr,720575940877168904,720575940899281090,8,dendrite_pre
islet-cltmr,720575940877168904,720575940914869232,8,dendrite_pre
islet-cltmr,720575940877168904,720575940898822855,8,dendrite_pre
islet-cltmr,720575940877168904,720575940891183798,8,dendrite_pre
islet-cltmr,720575940877168904,720575940915578261,8,dendrite_pre
islet-cltmr,720575940877168904,720575940862216039,7,dendrite_pre
islet-cltmr,720575940877168904,720575940898533373,7,dendrite_pre
islet-cltmr,720575940877168904,720575940870278275,7,dendrite_pre
islet-cltmr,720575940877168904,720575940915367069,7,dendrite_pre
islet-cltmr,720575940877168904,720575940869493610,7,dendrite_pre
islet-cltmr,720575940877168904,720575940898477757,7,dendrite_pre
islet-cltmr,720575940877168904,720575940888206927,6,dendrite_pre
islet-cltmr,720575940877168904,720575940914046398,6,dendrite_pre
islet-cltmr,720575940877168904,720575940899283650,6,dendrite_pre
islet-cltmr,720575940877168904,720575940892643444,6,dendrite_pre
islet-cltmr,720575940877168904,720575940888995958,5,dendrite_pre
islet-cltmr,720575940877168904,720575940882077216,5,dendrite_pre
islet-cltmr,720575940877168904,720575940908359360,5,dendrite_pre
islet-cltmr,720575940877168904,720575940880372359,5,dendrite_pre
islet-cltmr,720575940877168904,720575940870273155,5,dendrite_pre
islet-cltmr,720575940877168904,720575940909806296,5,dendrite_pre
islet-cltmr,720575940877168904,720575940907061033,5,dendrite_pre
islet-cltmr,720575940877168904,720575940862140007,5,dendrite_pre
islet-cltmr,720575940877168904,720575940927215328,5,dendrite_pre
islet-cltmr,720575940877168904,720575940888933494,5,dendrite_pre
islet-cltmr,720575940877168904,720575940920886441,5,dendrite_pre
islet-cltmr,720575940877168904,720575940899465920,5,dendrite_pre
islet-cltmr,720575940877168904,720575940890618063,5,dendrite_pre
IN-abltmr,720575940878308651,720575940900889280,12,dendrite_pre
ad-htmr,720575940878349179,,0,dendrite_pre
islet-adltmr,720575940879241452,720575940955177304,5,dendrite_pre
islet-adltmr,720575940879241452,720575940889223606,5,dendrite_pre
ad-htmr,720575940879813622,,0,dendrite_pre
IN-abltmr,720575940881841232,,0,dendrite_pre
ad-htmr,720575940881950033,,0,dendrite_pre
IN-abltmr,720575940881955665,720575940886279076,14,dendrite_pre
IN-abltmr,720575940881955665,720575940896890954,13,dendrite_pre
IN-abltmr,720575940881955665,720575940917422227,8,dendrite_pre
IN-abltmr,720575940881955665,720575940945591318,7,dendrite_pre
IN-abltmr,720575940881955665,720575940921263822,7,dendrite_pre
IN-abltmr,720575940881955665,720575940911532223,6,dendrite_pre
IN-abltmr,720575940881955665,720575940916014944,6,dendrite_pre
IN-abltmr,720575940881955665,720575940887131610,6,dendrite_pre
IN-abltmr,720575940881955665,720575940946690582,5,dendrite_pre
ad-htmr,720575940882688412,720575940900889280,9,dendrite_pre
ad-htmr,720575940882688412,720575940930825549,5,dendrite_pre
ad-htmr,720575940889785957,,0,dendrite_pre
islet-cltmr,720575940891538468,720575940888525260,25,dendrite_pre
islet-cltmr,720575940891538468,720575940883898652,20,dendrite_pre
islet-cltmr,720575940891538468,720575940912622214,19,dendrite_pre
islet-cltmr,720575940891538468,720575940890204422,16,dendrite_pre
islet-cltmr,720575940891538468,720575940926204046,15,dendrite_pre
islet-cltmr,720575940891538468,720575940906320115,15,dendrite_pre
islet-cltmr,720575940891538468,720575940902703006,15,dendrite_pre
islet-cltmr,720575940891538468,720575940877144923,14,dendrite_pre
islet-cltmr,720575940891538468,720575940890245126,13,dendrite_pre
islet-cltmr,720575940891538468,720575940922958792,13,dendrite_pre
islet-cltmr,720575940891538468,720575940879220460,12,dendrite_pre
islet-cltmr,720575940891538468,720575940903369229,12,dendrite_pre
islet-cltmr,720575940891538468,720575940910911137,12,dendrite_pre
islet-cltmr,720575940891538468,720575940892173666,12,dendrite_pre
islet-cltmr,720575940891538468,720575940886540834,12,dendrite_pre
islet-cltmr,720575940891538468,720575940880865945,12,dendrite_pre
islet-cltmr,720575940891538468,720575940900035780,11,dendrite_pre
islet-cltmr,720575940891538468,720575940901819367,11,dendrite_pre
islet-cltmr,720575940891538468,720575940918264373,11,dendrite_pre
islet-cltmr,720575940891538468,720575940880362887,11,dendrite_pre
islet-cltmr,720575940891538468,720575940908781145,10,dendrite_pre
islet-cltmr,720575940891538468,720575940902339000,10,dendrite_pre
islet-cltmr,720575940891538468,720575940878303531,10,dendrite_pre
islet-cltmr,720575940891538468,720575940926204302,10,dendrite_pre
islet-cltmr,720575940891538468,720575940909806296,10,dendrite_pre
islet-cltmr,720575940891538468,720575940924182661,10,dendrite_pre
islet-cltmr,720575940891538468,720575940898841849,10,dendrite_pre
islet-cltmr,720575940891538468,720575940879223020,10,dendrite_pre
islet-cltmr,720575940891538468,720575940917097276,10,dendrite_pre
islet-cltmr,720575940891538468,720575940877106267,9,dendrite_pre
islet-cltmr,720575940891538468,720575940921526035,9,dendrite_pre
islet-cltmr,720575940891538468,720575940892653428,9,dendrite_pre
islet-cltmr,720575940891538468,720575940932842132,9,dendrite_pre
islet-cltmr,720575940891538468,720575940884043814,9,dendrite_pre
islet-cltmr,720575940891538468,720575940881422558,9,dendrite_pre
islet-cltmr,720575940891538468,720575940915029373,8,dendrite_pre
islet-cltmr,720575940891538468,720575940861429234,8,dendrite_pre
islet-cltmr,720575940891538468,720575940912929024,8,dendrite_pre
islet-cltmr,720575940891538468,720575940897392130,7,dendrite_pre
islet-cltmr,720575940891538468,720575940941134700,7,dendrite_pre
islet-cltmr,720575940891538468,720575940936858436,7,dendrite_pre
islet-cltmr,720575940891538468,720575940890007988,7,dendrite_pre
islet-cltmr,720575940891538468,720575940916016480,6,dendrite_pre
islet-cltmr,720575940891538468,720575940892017863,6,dendrite_pre
islet-cltmr,720575940891538468,720575940918990151,6,dendrite_pre
islet-cltmr,720575940891538468,720575940891526180,6,dendrite_pre
islet-cltmr,720575940891538468,720575940940380075,6,dendrite_pre
islet-cltmr,720575940891538468,720575940920107637,5,dendrite_pre
islet-cltmr,720575940891538468,720575940917619551,5,dendrite_pre
islet-cltmr,720575940891538468,720575940896732090,5,dendrite_pre
islet-cltmr,720575940891538468,720575940891183798,5,dendrite_pre
islet-cltmr,720575940891538468,720575940899465920,5,dendrite_pre
islet-cltmr,720575940891538468,720575940927266892,5,dendrite_pre
islet-cltmr,720575940891538468,720575940885284545,5,dendrite_pre
islet-cltmr,720575940891538468,720575940918770481,5,dendrite_pre
islet-cltmr,720575940891538468,720575940881931601,5,dendrite_pre
islet-cltmr,720575940891538468,720575940883720696,5,dendrite_pre
islet-cltmr,720575940891538468,720575940897150224,5,dendrite_pre
islet-cltmr,720575940891538468,720575940882107424,5,dendrite_pre
islet-cltmr,720575940891538468,720575940896865098,5,dendrite_pre
islet-cltmr,720575940891538468,720575940893777899,5,dendrite_pre
islet-cltmr,720575940891538468,720575940883197911,5,dendrite_pre
islet-adltmr,720575940892190818,720575940906252275,10,dendrite_pre
islet-adltmr,720575940892190818,720575940906748515,9,dendrite_pre
islet-adltmr,720575940892190818,720575940889195719,7,dendrite_pre
islet-adltmr,720575940892190818,720575940886592266,6,dendrite_pre
islet-chtmr,720575940893307467,720575940916192771,28,dendrite_pre
islet-chtmr,720575940893307467,720575940919582469,24,dendrite_pre
islet-chtmr,720575940893307467,720575940875116119,20,dendrite_pre
islet-chtmr,720575940893307467,720575940886926839,20,dendrite_pre
islet-chtmr,720575940893307467,720575940908386564,19,dendrite_pre
islet-chtmr,720575940893307467,720575940924148613,18,dendrite_pre
islet-chtmr,720575940893307467,720575940922709290,18,dendrite_pre
islet-chtmr,720575940893307467,720575940903679779,18,dendrite_pre
islet-chtmr,720575940893307467,720575940920894121,17,dendrite_pre
islet-chtmr,720575940893307467,720575940904086480,17,dendrite_pre
islet-chtmr,720575940893307467,720575940899153235,16,dendrite_pre
islet-chtmr,720575940893307467,720575940916016480,16,dendrite_pre
islet-chtmr,720575940893307467,720575940882525989,16,dendrite_pre
islet-chtmr,720575940893307467,720575940894178664,16,dendrite_pre
islet-chtmr,720575940893307467,720575940914883824,15,dendrite_pre
islet-chtmr,720575940893307467,720575940920848808,15,dendrite_pre
islet-chtmr,720575940893307467,720575940919612933,15,dendrite_pre
islet-chtmr,720575940893307467,720575940896819018,14,dendrite_pre
islet-chtmr,720575940893307467,720575940897381378,12,dendrite_pre
islet-chtmr,720575940893307467,720575940909769176,12,dendrite_pre
islet-chtmr,720575940893307467,720575940892193698,12,dendrite_pre
islet-chtmr,720575940893307467,720575940904075984,11,dendrite_pre
islet-chtmr,720575940893307467,720575940911409257,11,dendrite_pre
islet-chtmr,720575940893307467,720575940877000795,11,dendrite_pre
islet-chtmr,720575940893307467,720575940877501751,11,dendrite_pre
islet-chtmr,720575940893307467,720575940869443690,10,dendrite_pre
islet-chtmr,720575940893307467,720575940889752933,10,dendrite_pre
islet-chtmr,720575940893307467,720575940892652404,10,dendrite_pre
islet-chtmr,720575940893307467,720575940920835240,10,dendrite_pre
islet-chtmr,720575940893307467,720575940895686440,10,dendrite_pre
islet-chtmr,720575940893307467,720575940921986112,10,dendrite_pre
islet-chtmr,720575940893307467,720575940899376569,9,dendrite_pre
islet-chtmr,720575940893307467,720575940865183697,9,dendrite_pre
islet-chtmr,720575940893307467,720575940893395733,8,dendrite_pre
islet-chtmr,720575940893307467,720575940881833296,8,dendrite_pre
islet-chtmr,720575940893307467,720575940941089388,8,dendrite_pre
islet-chtmr,720575940893307467,720575940927168536,8,dendrite_pre
islet-chtmr,720575940893307467,720575940884728634,7,dendrite_pre
islet-chtmr,720575940893307467,720575940893236555,7,dendrite_pre
islet-chtmr,720575940893307467,720575940905061686,7,dendrite_pre
islet-chtmr,720575940893307467,720575940896262583,7,dendrite_pre
islet-chtmr,720575940893307467,720575940869481691,6,dendrite_pre
islet-chtmr,720575940893307467,720575940927109144,6,dendrite_pre
islet-chtmr,720575940893307467,720575940906164189,6,dendrite_pre
islet-chtmr,720575940893307467,720575940921992256,6,dendrite_pre
islet-chtmr,720575940893307467,720575940915684544,5,dendrite_pre
islet-chtmr,720575940893307467,720575940897460886,5,dendrite_pre
islet-chtmr,720575940893307467,720575940878916148,5,dendrite_pre
islet-chtmr,720575940893307467,720575940915531157,5,dendrite_pre
islet-chtmr,720575940893307467,720575940901960430,5,dendrite_pre
islet-chtmr,720575940893307467,720575940922934557,5,dendrite_pre
islet-chtmr,720575940893307467,720575940903415309,5,dendrite_pre
islet-chtmr,720575940893307467,720575940883533733,5,dendrite_pre
islet-chtmr,720575940893307467,720575940913308862,5,dendrite_pre
islet-cltmr,720575940894200219,720575940883197911,27,dendrite_pre
islet-cltmr,720575940894200219,720575940929589242,25,dendrite_pre
islet-cltmr,720575940894200219,720575940896865098,24,dendrite_pre
islet-cltmr,720575940894200219,720575940887131610,24,dendrite_pre
islet-cltmr,720575940894200219,720575940881620931,23,dendrite_pre
islet-cltmr,720575940894200219,720575940917547115,22,dendrite_pre
islet-cltmr,720575940894200219,720575940878978356,22,dendrite_pre
islet-cltmr,720575940894200219,720575940930905464,20,dendrite_pre
islet-cltmr,720575940894200219,720575940882105316,18,dendrite_pre
islet-cltmr,720575940894200219,720575940914869232,17,dendrite_pre
islet-cltmr,720575940894200219,720575940912929024,16,dendrite_pre
islet-cltmr,720575940894200219,720575940902703006,16,dendrite_pre
islet-cltmr,720575940894200219,720575940891181902,15,dendrite_pre
islet-cltmr,720575940894200219,720575940879220460,15,dendrite_pre
islet-cltmr,720575940894200219,720575940921263822,15,dendrite_pre
islet-cltmr,720575940894200219,720575940917097276,15,dendrite_pre
islet-cltmr,720575940894200219,720575940915578261,15,dendrite_pre
islet-cltmr,720575940894200219,720575940911532223,15,dendrite_pre
islet-cltmr,720575940894200219,720575940885095808,14,dendrite_pre
islet-cltmr,720575940894200219,720575940882538078,14,dendrite_pre
islet-cltmr,720575940894200219,720575940869486442,13,dendrite_pre
islet-cltmr,720575940894200219,720575940920882345,13,dendrite_pre
islet-cltmr,720575940894200219,720575940893177002,12,dendrite_pre
islet-cltmr,720575940894200219,720575940901819367,12,dendrite_pre
islet-cltmr,720575940894200219,720575940862140007,12,dendrite_pre
islet-cltmr,720575940894200219,720575940917787299,12,dendrite_pre
islet-cltmr,720575940894200219,720575940927200224,11,dendrite_pre
islet-cltmr,720575940894200219,720575940869493610,11,dendrite_pre
islet-cltmr,720575940894200219,720575940899585200,11,dendrite_pre
islet-cltmr,720575940894200219,720575940859503767,11,dendrite_pre
islet-cltmr,720575940894200219,720575940886641418,9,dendrite_pre
islet-cltmr,720575940894200219,720575940878303531,9,dendrite_pre
islet-cltmr,720575940894200219,720575940861450226,9,dendrite_pre
islet-cltmr,720575940894200219,720575940878956340,8,dendrite_pre
islet-cltmr,720575940894200219,720575940936858436,8,dendrite_pre
islet-cltmr,720575940894200219,720575940900956101,7,dendrite_pre
islet-cltmr,720575940894200219,720575940868491416,7,dendrite_pre
islet-cltmr,720575940894200219,720575940940380075,7,dendrite_pre
islet-cltmr,720575940894200219,720575940897392130,7,dendrite_pre
islet-cltmr,720575940894200219,720575940952196116,7,dendrite_pre
islet-cltmr,720575940894200219,720575940915367069,7,dendrite_pre
islet-cltmr,720575940894200219,720575940891183798,7,dendrite_pre
islet-cltmr,720575940894200219,720575940882439629,7,dendrite_pre
islet-cltmr,720575940894200219,720575940906423858,7,dendrite_pre
islet-cltmr,720575940894200219,720575940902671774,6,dendrite_pre
islet-cltmr,720575940894200219,720575940903585571,6,dendrite_pre
islet-cltmr,720575940894200219,720575940884043814,6,dendrite_pre
islet-cltmr,720575940894200219,720575940900035780,6,dendrite_pre
islet-cltmr,720575940894200219,720575940898477757,6,dendrite_pre
islet-cltmr,720575940894200219,720575940964357030,6,dendrite_pre
islet-cltmr,720575940894200219,720575940890245126,5,dendrite_pre
islet-cltmr,720575940894200219,720575940920055925,5,dendrite_pre
islet-cltmr,720575940894200219,720575940909806296,5,dendrite_pre
islet-cltmr,720575940894200219,720575940927215328,5,dendrite_pre
islet-cltmr,720575940894200219,720575940893408011,5,dendrite_pre
islet-cltmr,720575940894200219,720575940908359360,5,dendrite_pre
islet-cltmr,720575940894200219,720575940880413575,5,dendrite_pre
islet-cltmr,720575940894200219,720575940898822855,5,dendrite_pre
islet-cltmr,720575940894200219,720575940911461737,5,dendrite_pre
islet-cltmr,720575940896891210,720575940891183798,54,dendrite_pre
islet-cltmr,720575940896891210,720575940902577106,38,dendrite_pre
islet-cltmr,720575940896891210,720575940930905464,30,dendrite_pre
islet-cltmr,720575940896891210,720575940885095808,27,dendrite_pre
islet-cltmr,720575940896891210,720575940894186139,27,dendrite_pre
islet-cltmr,720575940896891210,720575940893177002,24,dendrite_pre
islet-cltmr,720575940896891210,720575940940380075,23,dendrite_pre
islet-cltmr,720575940896891210,720575940900956101,21,dendrite_pre
islet-cltmr,720575940896891210,720575940891181902,20,dendrite_pre
islet-cltmr,720575940896891210,720575940882107424,19,dendrite_pre
islet-cltmr,720575940896891210,720575940881931601,18,dendrite_pre
islet-cltmr,720575940896891210,720575940912623494,18,dendrite_pre
islet-cltmr,720575940896891210,720575940908781145,18,dendrite_pre
islet-cltmr,720575940896891210,720575940893777899,17,dendrite_pre
islet-cltmr,720575940896891210,720575940878956340,16,dendrite_pre
islet-cltmr,720575940896891210,720575940927215328,15,dendrite_pre
islet-cltmr,720575940896891210,720575940882124832,14,dendrite_pre
islet-cltmr,720575940896891210,720575940881620931,14,dendrite_pre
islet-cltmr,720575940896891210,720575940902703006,11,dendrite_pre
islet-cltmr,720575940896891210,720575940917787299,11,dendrite_pre
islet-cltmr,720575940896891210,720575940911418815,10,dendrite_pre
islet-cltmr,720575940896891210,720575940899283650,10,dendrite_pre
islet-cltmr,720575940896891210,720575940902069014,10,dendrite_pre
islet-cltmr,720575940896891210,720575940898699154,10,dendrite_pre
islet-cltmr,720575940896891210,720575940869549838,10,dendrite_pre
islet-cltmr,720575940896891210,720575940862549791,10,dendrite_pre
islet-cltmr,720575940896891210,720575940896011118,9,dendrite_pre
islet-cltmr,720575940896891210,720575940883481950,9,dendrite_pre
islet-cltmr,720575940896891210,720575940903354252,9,dendrite_pre
islet-cltmr,720575940896891210,720575940896248247,9,dendrite_pre
islet-cltmr,720575940896891210,720575940869443690,9,dendrite_pre
islet-cltmr,720575940896891210,720575940890256134,8,dendrite_pre
islet-cltmr,720575940896891210,720575940916894530,8,dendrite_pre
islet-cltmr,720575940896891210,720575940928347132,8,dendrite_pre
islet-cltmr,720575940896891210,720575940913308862,8,dendrite_pre
islet-cltmr,720575940896891210,720575940892229886,8,dendrite_pre
islet-cltmr,720575940896891210,720575940929589242,8,dendrite_pre
islet-cltmr,720575940896891210,720575940882543653,8,dendrite_pre
islet-cltmr,720575940896891210,720575940886931959,7,dendrite_pre
islet-cltmr,720575940896891210,720575940897392130,7,dendrite_pre
islet-cltmr,720575940896891210,720575940911532223,7,dendrite_pre
islet-cltmr,720575940896891210,720575940898533373,7,dendrite_pre
islet-cltmr,720575940896891210,720575940912929024,7,dendrite_pre
islet-cltmr,720575940896891210,720575940869485418,7,dendrite_pre
islet-cltmr,720575940896891210,720575940890245126,6,dendrite_pre
islet-cltmr,720575940896891210,720575940879220460,6,dendrite_pre
islet-cltmr,720575940896891210,720575940897460886,6,dendrite_pre
islet-cltmr,720575940896891210,720575940902763375,6,dendrite_pre
islet-cltmr,720575940896891210,720575940878303531,6,dendrite_pre
islet-cltmr,720575940896891210,720575940914869232,6,dendrite_pre
islet-cltmr,720575940896891210,720575940870273155,5,dendrite_pre
islet-cltmr,720575940896891210,720575940920055925,5,dendrite_pre
islet-cltmr,720575940896891210,720575940917619551,5,dendrite_pre
islet-cltmr,720575940896891210,720575940883197911,5,dendrite_pre
islet-cltmr,720575940896891210,720575940888148592,5,dendrite_pre
islet-cltmr,720575940896891210,720575940887131610,5,dendrite_pre
islet-cltmr,720575940896891210,720575940878978356,5,dendrite_pre
islet-adltmr,720575940896891466,720575940884699194,6,dendrite_pre
IN-abltmr,720575940900058564,720575940901672637,9,dendrite_pre
IN-abltmr,720575940900058564,720575940887210934,5,dendrite_pre
ad-htmr,720575940900275426,,0,dendrite_pre
islet-chtmr,720575940912627846,720575940903679779,24,dendrite_pre
islet-chtmr,720575940912627846,720575940922709290,23,dendrite_pre
islet-chtmr,720575940912627846,720575940886926839,23,dendrite_pre
islet-chtmr,720575940912627846,720575940908057073,21,dendrite_pre
islet-chtmr,720575940912627846,720575940904086480,21,dendrite_pre
islet-chtmr,720575940912627846,720575940908386564,19,dendrite_pre
islet-chtmr,720575940912627846,720575940914883824,18,dendrite_pre
islet-chtmr,720575940912627846,720575940869443690,17,dendrite_pre
islet-chtmr,720575940912627846,720575940916192771,17,dendrite_pre
islet-chtmr,720575940912627846,720575940909769176,16,dendrite_pre
islet-chtmr,720575940912627846,720575940897381378,15,dendrite_pre
islet-chtmr,720575940912627846,720575940875116119,13,dendrite_pre
islet-chtmr,720575940912627846,720575940941089388,12,dendrite_pre
islet-chtmr,720575940912627846,720575940893395733,11,dendrite_pre
islet-chtmr,720575940912627846,720575940919582469,11,dendrite_pre
islet-chtmr,720575940912627846,720575940899153235,10,dendrite_pre
islet-chtmr,720575940912627846,720575940922934557,10,dendrite_pre
islet-chtmr,720575940912627846,720575940913308862,10,dendrite_pre
islet-chtmr,720575940912627846,720575940920833705,10,dendrite_pre
islet-chtmr,720575940912627846,720575940920848808,10,dendrite_pre
islet-chtmr,720575940912627846,720575940912535686,9,dendrite_pre
islet-chtmr,720575940912627846,720575940890618063,9,dendrite_pre
islet-chtmr,720575940912627846,720575940869481691,8,dendrite_pre
islet-chtmr,720575940912627846,720575940924148613,8,dendrite_pre
islet-chtmr,720575940912627846,720575940920894121,8,dendrite_pre
islet-chtmr,720575940912627846,720575940882525989,8,dendrite_pre
islet-chtmr,720575940912627846,720575940921986112,8,dendrite_pre
islet-chtmr,720575940912627846,720575940927109144,7,dendrite_pre
islet-chtmr,720575940912627846,720575940916016480,7,dendrite_pre
islet-chtmr,720575940912627846,720575940862216039,6,dendrite_pre
islet-chtmr,720575940912627846,720575940915684544,6,dendrite_pre
islet-chtmr,720575940912627846,720575940882038048,6,dendrite_pre
islet-chtmr,720575940912627846,720575940892652404,6,dendrite_pre
islet-chtmr,720575940912627846,720575940906389554,6,dendrite_pre
islet-chtmr,720575940912627846,720575940883533733,5,dendrite_pre
islet-chtmr,720575940912627846,720575940898477757,5,dendrite_pre
islet-chtmr,720575940912627846,720575940906164189,5,dendrite_pre
islet-chtmr,720575940912627846,720575940899256770,5,dendrite_pre
islet-chtmr,720575940912627846,720575940917785507,5,dendrite_pre
islet-chtmr,720575940912627846,720575940877000795,5,dendrite_pre
islet-chtmr,720575940912627846,720575940905061686,5,dendrite_pre
islet-cltmr,720575940915389853,720575940902703006,15,dendrite_pre
islet-cltmr,720575940915389853,720575940880866969,15,dendrite_pre
islet-cltmr,720575940915389853,720575940897150224,14,dendrite_pre
islet-cltmr,720575940915389853,720575940879220460,12,dendrite_pre
islet-cltmr,720575940915389853,720575940906320115,11,dendrite_pre
islet-cltmr,720575940915389853,720575940917097276,10,dendrite_pre
islet-cltmr,720575940915389853,720575940883898652,10,dendrite_pre
islet-cltmr,720575940915389853,720575940910911137,10,dendrite_pre
islet-cltmr,720575940915389853,720575940869466075,10,dendrite_pre
islet-cltmr,720575940915389853,720575940892173666,10,dendrite_pre
islet-cltmr,720575940915389853,720575940890245126,10,dendrite_pre
islet-cltmr,720575940915389853,720575940900035780,9,dendrite_pre
islet-cltmr,720575940915389853,720575940912917504,9,dendrite_pre
islet-cltmr,720575940915389853,720575940888525260,9,dendrite_pre
islet-cltmr,720575940915389853,720575940918990151,9,dendrite_pre
islet-cltmr,720575940915389853,720575940906423858,9,dendrite_pre
islet-cltmr,720575940915389853,720575940920055925,9,dendrite_pre
islet-cltmr,720575940915389853,720575940912622214,8,dendrite_pre
islet-cltmr,720575940915389853,720575940898841849,8,dendrite_pre
islet-cltmr,720575940915389853,720575940898820551,8,dendrite_pre
islet-cltmr,720575940915389853,720575940882105316,8,dendrite_pre
islet-cltmr,720575940915389853,720575940929589242,8,dendrite_pre
islet-cltmr,720575940915389853,720575940893122730,8,dendrite_pre
islet-cltmr,720575940915389853,720575940892653428,7,dendrite_pre
islet-cltmr,720575940915389853,720575940908781145,7,dendrite_pre
islet-cltmr,720575940915389853,720575940886641418,6,dendrite_pre
islet-cltmr,720575940915389853,720575940882070816,6,dendrite_pre
islet-cltmr,720575940915389853,720575940906312691,6,dendrite_pre
islet-cltmr,720575940915389853,720575940897392130,6,dendrite_pre
islet-cltmr,720575940915389853,720575940885095808,6,dendrite_pre
islet-cltmr,720575940915389853,720575940901819367,6,dendrite_pre
islet-cltmr,720575940915389853,720575940909806296,6,dendrite_pre
islet-cltmr,720575940915389853,720575940903369229,6,dendrite_pre
islet-cltmr,720575940915389853,720575940924259679,5,dendrite_pre
islet-cltmr,720575940915389853,720575940909939648,5,dendrite_pre
islet-cltmr,720575940915389853,720575940891183798,5,dendrite_pre
islet-cltmr,720575940915389853,720575940879223020,5,dendrite_pre
islet-cltmr,720575940915389853,720575940915578261,5,dendrite_pre
islet-cltmr,720575940915389853,720575940899585200,5,dendrite_pre
islet-cltmr,720575940915389853,720575940896446649,5,dendrite_pre
islet-cltmr,720575940915389853,720575940877106267,5,dendrite_pre
islet-cltmr,720575940915389853,720575940903354252,5,dendrite_pre
islet-cltmr,720575940915389853,720575940881816400,5,dendrite_pre
islet-cltmr,720575940915389853,720575940896865098,5,dendrite_pre
islet-cltmr,720575940915389853,720575940936858436,5,dendrite_pre
islet-adltmr,720575940915390109,,0,dendrite_pre
islet-adltmr,720575940915390365,720575940886592266,10,dendrite_pre
islet-adltmr,720575940915390365,720575940946164246,9,dendrite_pre
islet-adltmr,720575940915390365,720575940870273155,6,dendrite_pre
islet-adltmr,720575940915390365,720575940936858436,5,dendrite_pre
IN-abltmr,720575940927273184,,0,dendrite_pre
islet-chtmr,720575940929601786,720575940877501751,26,dendrite_pre
islet-chtmr,720575940929601786,720575940894178664,25,dendrite_pre
islet-chtmr,720575940929601786,720575940916016480,23,dendrite_pre
islet-chtmr,720575940929601786,720575940936008358,20,dendrite_pre
islet-chtmr,720575940929601786,720575940920835240,20,dendrite_pre
islet-chtmr,720575940929601786,720575940927109144,18,dendrite_pre
islet-chtmr,720575940929601786,720575940894647347,17,dendrite_pre
islet-chtmr,720575940929601786,720575940919582469,15,dendrite_pre
islet-chtmr,720575940929601786,720575940882124320,14,dendrite_pre
islet-chtmr,720575940929601786,720575940897151504,14,dendrite_pre
islet-chtmr,720575940929601786,720575940897381378,13,dendrite_pre
islet-chtmr,720575940929601786,720575940869481691,12,dendrite_pre
islet-chtmr,720575940929601786,720575940912535686,12,dendrite_pre
islet-chtmr,720575940929601786,720575940929741846,12,dendrite_pre
islet-chtmr,720575940929601786,720575940900988613,12,dendrite_pre
islet-chtmr,720575940929601786,720575940940910975,11,dendrite_pre
islet-chtmr,720575940929601786,720575940924148613,11,dendrite_pre
islet-chtmr,720575940929601786,720575940902331832,11,dendrite_pre
islet-chtmr,720575940929601786,720575940904249043,10,dendrite_pre
islet-chtmr,720575940929601786,720575940927174424,10,dendrite_pre
islet-chtmr,720575940929601786,720575940896819018,10,dendrite_pre
islet-chtmr,720575940929601786,720575940862216039,9,dendrite_pre
islet-chtmr,720575940929601786,720575940892193698,9,dendrite_pre
islet-chtmr,720575940929601786,720575940920006013,9,dendrite_pre
islet-chtmr,720575940929601786,720575940941106028,8,dendrite_pre
islet-chtmr,720575940929601786,720575940904075984,8,dendrite_pre
islet-chtmr,720575940929601786,720575940921200846,8,dendrite_pre
islet-chtmr,720575940929601786,720575940902703089,8,dendrite_pre
islet-chtmr,720575940929601786,720575940908386564,8,dendrite_pre
islet-chtmr,720575940929601786,720575940903415565,8,dendrite_pre
islet-chtmr,720575940929601786,720575940883543461,7,dendrite_pre
islet-chtmr,720575940929601786,720575940903415309,7,dendrite_pre
islet-chtmr,720575940929601786,720575940877129819,7,dendrite_pre
islet-chtmr,720575940929601786,720575940889192823,7,dendrite_pre
islet-chtmr,720575940929601786,720575940911409257,7,dendrite_pre
islet-chtmr,720575940929601786,720575940903679779,7,dendrite_pre
islet-chtmr,720575940929601786,720575940919612933,7,dendrite_pre
islet-chtmr,720575940929601786,720575940875122775,6,dendrite_pre
islet-chtmr,720575940929601786,720575940918873695,6,dendrite_pre
islet-chtmr,720575940929601786,720575940881833296,6,dendrite_pre
islet-chtmr,720575940929601786,720575940899376569,6,dendrite_pre
islet-chtmr,720575940929601786,720575940899143251,6,dendrite_pre
islet-chtmr,720575940929601786,720575940899282056,6,dendrite_pre
islet-chtmr,720575940929601786,720575940904086480,6,dendrite_pre
islet-chtmr,720575940929601786,720575940893395733,6,dendrite_pre
islet-chtmr,720575940929601786,720575940922934557,6,dendrite_pre
islet-chtmr,720575940929601786,720575940916192771,6,dendrite_pre
islet-chtmr,720575940929601786,720575940882038048,5,dendrite_pre
islet-chtmr,720575940929601786,720575940941089388,5,dendrite_pre
islet-chtmr,720575940929601786,720575940909393947,5,dendrite_pre
islet-chtmr,720575940929601786,720575940899153235,5,dendrite_pre
islet-chtmr,720575940929601786,720575940897460886,5,dendrite_pre
islet-chtmr,720575940929601786,720575940886926839,5,dendrite_pre
islet-chtmr,720575940929601786,720575940914883824,5,dendrite_pre
islet-chtmr,720575940929601786,720575940869443690,5,dendrite_pre
islet-chtmr,720575940929601786,720575940899256770,5,dendrite_pre
islet-chtmr,720575940929601786,720575940908057073,5,dendrite_pre
islet-chtmr,720575940929601786,720575940891164342,5,dendrite_pre
ad-htmr,720575940951311655,,0,dendrite_pre
ad-htmr,720575940955236696,,0,dendrite_pre
